f0,f1,f2,f3,f4,f5,f6,f7,f8,f9,label
0.603332924902034,-0.005679648516832293,0.2464879126811473,1.1261174822314746,1.0637315834545695,-1.4098958060733566,-0.15082028787332138,2.6589805677366334,-1.9114712847101574,0.295207645100662,1
-0.8552715032752778,-0.886599419429884,1.3224640816583197,2.5012069811621918,-1.964274553790709,0.41974183941546994,0.3916537258789448,-1.3361235660650341,-1.2727809957883334,-1.2085312035706348,1
3.3601891271161737,2.027969093734107,1.1755868144973396,-0.3883472365790667,3.4574209231880015,-2.844013182364345,-3.8017083783641015,0.3125125865024281,-0.256196381140181,1.564490699357274,1
-1.3569969237074755,-0.5294032312858807,0.6102689448666607,-0.3241592996839018,0.46503379668924605,0.8624981686052648,0.2830714439955074,-1.0480247502496853,0.23359305942114328,-0.5709965091092696,0
0.012264720641045668,-0.7772804070928896,1.4034055532762129,-0.5832232448981893,-2.4361978193589744,-0.4108174372933159,2.1694104192590467,3.39350988975321,-0.31378267993399284,1.4781704981892332,0
-0.6961030857137783,-0.06039988165506118,0.8947367605557938,-1.0895279268823894,0.8329641549637594,0.6066507848533198,0.10539916561943731,-0.5243207316118332,-0.7375491312991417,-1.772698298324412,0
-0.40160910011656514,0.4996549129966135,-0.10800609511636479,0.3165780361882536,0.7244342057223816,1.335301726136478,0.5195245878848932,-0.755444645349039,0.8680101367957225,-1.7391647931898881,0
0.16509699815318157,-0.2569958875261441,1.8484141432491275,1.8969681549668127,-0.4922410786830671,-0.5944264248129645,-0.7078190237014823,-0.6751802096092474,1.1126010243382156,-0.5929792888637788,0
0.2454388930412632,0.4355120909813642,-1.2407767207143208,-0.07811173311395447,-0.7132464633905735,0.8441102085044865,0.9591324744967703,0.2783472442318786,-1.8551943108320776,-0.9567759076199799,0
1.9726149914053583,0.10990836935019817,-0.08575301921578739,-1.9203698986450264,0.761831110995275,-3.2831354434334616,-2.2754158670092055,1.7895090138346785,-0.03340318212229566,-0.31337326165198875,1
-0.20257311300886105,0.04808350796698393,0.9722188070765186,0.7292064563211521,1.7090024437652467,-0.35474483864633877,-0.6107309584892975,0.23597845231209513,1.0152152483488552,-1.2053913503649298,0
0.9049431267652882,-0.01924349729992828,-0.2878688431086439,0.06620843983790224,-0.2684817500748904,-1.3528278104115736,-0.5223830637840843,1.2421374731359522,-0.3813073781253236,-1.8277197660396325,0
1.0365558717550998,0.7333126636873709,-1.4871424909252486,0.5396297938419343,0.8502312722418954,-0.5810008422323664,-1.3853240831331761,-0.8721284519164935,-0.6946561352379822,-1.0892315579098089,1
1.0468395292997656,1.188872003258082,0.2676820509252573,-1.1557280550468318,-0.369859002869098,0.9581815932685039,0.9743576781324848,0.664975466060858,0.8810473172736443,0.2164986508355997,0
0.2958330070115892,-0.49033747570789,-0.5593684558493401,-0.2937635418700116,-0.4475838894413069,-1.3329228355398874,-1.6894650513517355,-1.372045532898406,0.43782726318656384,0.1669217214623506,1
2.130519996883489,0.655783166376168,-0.18755244081581446,1.1913987556978833,1.8807540961839164,-2.996638120642563,-3.755519767505772,-0.7705523998778908,1.5629794092931626,1.2927162047480527,1
1.3814041814619207,0.26425258849251476,0.7948509405313602,-0.1195120370145348,-0.757232581695036,-1.3282424704478282,-0.7492147756764267,0.6966643550367306,0.31781478614615655,-0.23644763953869763,0
3.5518793422881987,1.2672354732662299,0.25396912145229944,-1.2758925408625386,-1.3154255247730449,-2.4779899751333376,-1.242723109879837,2.057351881953485,-0.7334016619998076,1.0353707334981066,0
1.7932387489864712,0.671243009997001,0.8315499521207717,0.23958103536218667,0.032564934378668475,-1.5033148531904887,-0.9396348924771161,1.208693507488483,0.022574233269868932,-1.6869679586666384,0
2.3188451979666707,1.2514543453676228,-1.4121684636916416,1.0071369944068644,1.811891020556379,-1.9452660368758885,-1.3569289790389782,2.287443267640485,-0.5812486879849504,0.24777630682219057,1
2.3594350305838967,1.4416044974416422,0.7354306980971302,-1.0064921393951471,0.06869369046286611,-0.834415032907481,-0.4514916835601594,1.402524852909042,-0.8483320796589728,0.03826949900024911,1
-0.19520203983296613,-0.5591239512901899,-1.1837782512918447,0.7368802639077965,-2.3042225850107863,0.2564587000778398,1.5490094207296745,1.2027096501645758,-0.5526504173332033,0.03045672975139054,0
0.6632668269155785,1.3987642627121484,1.513074563594803,-1.3400826063362128,1.8532755084610861,0.9792796208407402,0.23260217870423516,0.30441555226617834,-0.8063979866390013,1.611664429125312,1
0.3594414844249664,0.48077582184376766,0.31320678508661753,-0.8913309959332444,0.9439656088479547,-0.0562719910996915,-1.0173124420178952,-1.1798943061005227,0.09208266612557181,-0.24652173926671345,1
0.17386608274142712,0.0780653931392286,1.3795802803497128,-1.5741111417144547,2.388263065313705,-1.17915026044935,-0.7981534056200043,1.6431918316260603,-0.021285536155533177,-0.7403639286110636,1
2.030176017422676,0.9337754657804995,0.12027081182761594,-0.6462841323560137,0.555949487921293,-1.6087637851821432,-1.6537269248488529,0.3940430366116875,1.1383158163622589,-0.15504755618575858,1
-1.064646257048459,-0.37982672815629437,1.0062219953148803,-1.3390982275269367,0.938910396448347,0.48870408951381084,-0.021384060544731402,-0.685378982002864,-0.5161043839727769,1.1014845317841888,0
-1.1350879268680125,-0.7540284134303661,-0.10393595876051488,0.42315197376427244,0.6219447227942049,-0.018393358321172837,-0.13505444942454176,-0.3552795679516655,-2.0588335245852765,-0.3106843377772174,0
0.5145215991594188,-0.26735743953766467,0.565856562556365,1.7448395052935197,-0.7300260911563036,-1.0119746084483185,0.10325386666618346,1.5081322544995235,-0.8948469428400869,0.4885908438841297,0
-1.0263200609878822,0.24250472711625456,-1.3324908236305593,-0.9905529186710812,0.4772027980651943,1.9108747535939594,0.7944458108672271,-1.4862763602003801,-1.2865032512672245,0.24011571132701948,0
-2.6466613632197924,-0.9617471354267346,0.7615134468597996,0.7024520738098406,3.4555844469481074,0.6405311437454406,-1.1731753445884927,-2.359312039903268,0.7977185745109614,0.3793433698805502,0
1.9935834282910039,0.8149788398235325,0.40237472846013983,0.018129892027409635,-0.516711017703282,-1.326007260814423,-1.5922291959296218,-0.5267211298772718,-1.2065752408627577,1.2045315649591746,0
3.846452993992136,2.4284164034640816,-1.1762679526748168,0.20920051899167014,3.5887256598694512,-2.8619596752267764,-3.929504124008404,0.3717452230936409,-1.2610828119491986,-0.30010336742228555,1
0.23511419386314913,-0.10301542743090931,1.3292951869424876,-0.276197716927256,0.4394629270277909,-0.7604421526503414,-0.046307197245924914,1.3880195279577516,-1.2300735670884781,0.30751658313207897,1
-2.0765196342603964,-0.817612698851211,-0.880576695297171,-1.0068207181474464,2.057736718455173,0.6773549308949796,-0.5306774762673955,-1.733380043775084,-1.7777363127227217,-0.1833117336615035,0
-1.3717627510750958,0.1548305597335082,-1.3321335208718434,-0.352225884834069,0.9222201908423632,2.0721269299825296,0.6337433474925458,-1.9276196790259919,-0.5025720467359754,-0.6293279841803167,0
-0.9940732775550973,-0.173369123245507,-0.9289424550926234,-0.1487649231431817,1.9910729681894623,0.3138002019491086,-0.5221458805484631,-0.7616719529079159,0.32543378134836376,-0.3646781336471601,0
-1.0705868358004815,-0.2285315540125181,0.7275159716366105,-2.0074016079464454,1.4309018251666705,0.5799312333193385,-0.1888093963325365,-0.8672786142122267,0.24038886168772775,-0.3424952633549681,0
1.1588339896306943,0.9579548854309015,-0.9009828440172883,-1.135940487846851,1.9893566548666834,-0.8362889127363606,-1.8720556764969487,-0.7315901008287818,0.7725103325649182,0.5222625873462514,1
1.4729748501018873,0.08991532959655499,-0.4639022006459356,-1.261500164489028,-3.401805169541338,-0.5590883030656215,1.6365386929375283,2.663681370466561,2.4763062395051163,-0.3795681187272069,0
-0.6763358046550074,-0.5450753353940533,-0.6597207399702345,1.441585144015595,-0.9570191198288827,0.4060029662752247,0.6622926482177287,-0.1584329297713547,-0.16005732015971177,-0.7725732743304798,0
-2.3853329136418187,-1.6023810493535633,-1.948772345370109,-0.044337461841822606,-0.2777923285323215,0.6469813557703479,0.5161670663791836,-1.1282358833773114,-0.4992014414112333,0.14141860471420298,0
0.04820295653762674,-0.15214908160761706,-1.077945071036555,-1.0330258733329154,-0.305315845663499,-0.23058940750924506,0.3163590814157969,0.7962759877149658,0.5126374994285775,0.15561859636719494,1
1.618042271742803,0.3430368970983948,0.365254726836435,0.38919484482733807,1.1967739455700497,-2.4367003675804364,-1.9203690288217372,1.304424737737213,-0.0352060296866475,-0.5606238482414833,1
3.279367382414048,1.2345219388180348,2.3176116786099374,-0.17161919019367822,2.731622775465424,-3.950403406281843,-3.0521162458616393,2.949880601983416,-0.32545980094811106,-0.4650116971875801,1
1.8818613894381908,0.3475726063644472,-0.1181544971883302,-0.03309556426627069,-0.5987432005890356,-1.9870625170909715,-0.3995292282228388,2.6430333428867767,1.0534960333837704,0.6280810395957417,0
0.9147431220320918,-0.13599997647428427,1.357713103408969,-0.4329726056882553,-2.461890340045655,-0.5749573335109159,1.1124308088682202,1.9806366707931238,0.6889152878026502,0.23262591322055634,0
-0.4383439751871392,-0.8161410312271791,0.7314300223533001,-0.27817830699786783,-0.48144502045061277,-0.716966967264259,0.4726912745587617,1.5167772442781824,-0.256129152566313,-1.7286983780398066,0
0.18586713278707,1.122038583829285,0.22809040707406533,1.7261199629602648,0.6643434576618719,1.7052042785295034,0.7750563427580762,-0.6062200167294092,-0.2456447741122261,0.5710902076375073,0
0.2766957038897795,-0.214500809318623,0.15208644305447677,0.41926758463270847,0.09359596787944069,-0.9493711407807143,-1.0068375022086522,-0.34278760147761966,-2.097500966342616,-0.155551517411749,0
-0.5704527486654496,-0.7188175412204397,0.5312259747418554,1.4573262117691956,-0.06421246014036996,-0.5238278472450766,-0.0374014958338518,0.4339035297159609,-0.2736627186784338,0.3467863312463649,0
0.31014763810065005,0.9806125201926974,1.1016893363907074,-1.0554398036592412,-0.11989843756040841,1.5811827666507385,1.0497628740198608,-0.2852305026110936,-0.197224025552989,-1.8027303429946484,0
-0.7876377616040379,0.2710893189436511,-0.43004279855707805,0.25108624924173545,2.299447318235056,0.7522723247913111,-0.44056899443471514,-0.9990231682613829,-0.4449149597621561,-0.4788091966197938,0
-0.37974410226877486,-0.07722057455261742,0.4010276961846297,0.954031246411431,0.13584404526451266,0.34185555067897666,-0.6535833243900815,-1.8396678856090343,0.9967585722877751,-1.3569923620741215,1
0.7548279568559011,0.5282788618774825,-0.6932128218457846,-0.12363301994264989,2.4707785621411,-1.2536984382519072,-1.4975227648535407,0.7067729622195177,1.0633026608585483,0.5068720797309703,1
0.16859936360382521,0.3548050006681528,0.5319919061519239,1.254060997748745,0.7799223331143356,0.07171049240905636,-0.7666192183027024,-1.0631418971359485,2.9151982467609487,-0.31468281665682574,1
-0.2580783846315522,-0.0338522372495422,-0.3347933281291905,-0.455640342107363,0.04158002413026585,0.34069594385165436,0.4980495458096295,0.36016942272931174,0.07786476026546504,-0.44260976769558935,1
3.9889587139665417,0.8613386797832062,1.39866302870221,0.6568260304192822,-1.5136271850096201,-3.948629562674183,-2.5582556423945744,1.8036256901051146,0.25923661346133436,-1.9735972317424888,1
3.1571154725922623,1.3834370234873457,1.8764759720581188,-1.3188158283920315,2.6712806963874653,-3.510335291748692,-4.42546636899693,-0.4137512887134036,-2.799778535978085,1.1379364068215787,1
-1.8089360165866286,-1.0427518853189661,-0.5849655154231536,-1.6852227544468776,1.7249687839511603,0.02409517007739259,0.756797727164594,1.6234039216351404,0.8012353047128017,0.46284101357610596,1
0.07128799055641544,-0.3724420331555848,0.8077484954862321,2.5371852582399272,-2.0920808559285704,0.09617534747318945,1.0025627816218325,0.6275531729232134,1.2580913602961004,-1.675445598066991,0
2.061178055470818,0.5139587347218074,0.38727859736208453,1.1011028867511081,-1.3417035331342513,-1.6049372153180912,-0.21289320835487496,2.088699070767957,-0.9651793745920635,0.7507747406670242,0
-1.205984739444036,0.07411729659741773,-1.034237573086331,-0.16395852518827514,1.3246708654041024,1.4602673117947618,0.22232206913202737,-1.5079976781191746,-0.0342553997307399,0.6165151341790233,0
0.8947397646397155,-0.1950375532574569,0.734263951047571,0.01725111869665872,0.6775649016724458,-2.109373527406718,-0.8348967200161548,2.297765314214522,-0.25373569270200846,2.1884707225970277,1
-0.5312634747097725,0.07800591943122702,1.1774101920031939,1.0272706159453295,0.8053130423368862,0.6418699199336186,0.15879168200217036,-0.4214409951444712,-1.0659353034352532,-1.6769117588854348,0
3.856123554432402,1.670374749925998,0.00979714903408,0.7900855216706008,0.12689228514179995,-2.8408883922318955,-2.712840445089219,0.7253934430709688,0.6739342461100539,-0.9807490199416882,1
-0.2759797515204575,0.21016212835128,0.06847075299294712,0.13962970096199978,-0.14863427254030914,0.9481291483041551,0.7198858349854043,-0.23419933788245373,0.6896357043276208,-0.11040965373706413,0
1.9987674888878932,1.2464144873331542,0.6202969880884388,-0.5728183018548548,1.9574156615617317,-1.575233528227211,-2.3751307021103805,-0.26043615253108643,0.18135103948396053,-1.6364605086805273,1
3.8886661813290546,0.693823438375704,1.318431470395048,-1.179559288277157,1.0036910280575264,-5.27012169639446,-3.7782493852938,2.8107121539756594,0.3444200812563827,-0.5240795983569554,1
2.962410028514027,1.9924597583131947,-1.5190648057063847,0.17320291788673597,2.762570602897211,-1.9418853199302575,-2.681221876486876,0.5546417431224173,-0.792878937228744,0.10007674485939798,1
-1.90703261905476,-0.9087246751985344,-0.1887796160866077,0.3869387346471631,1.090451033408428,0.6694742562340719,-0.11470719776148737,-1.3992255479685651,-0.15132882360778002,-0.3748921120701636,0
-0.400572248689506,0.21204859131495418,-0.4628634977137214,-1.3257164532341368,0.8713172933414153,0.6788367657721418,0.16792028289088826,-0.3674045830680235,1.8134908481028862,-0.6895446743552692,0
-0.10857893260900231,0.22787377592953115,-0.05560596212909099,-0.5653644041395544,-0.8600710212369107,1.0473480165749034,1.0698540508969805,-0.04275571326895311,0.7013943789793929,0.4134186846468592,0
1.265425210937845,1.1077244080109705,0.5617338877988823,1.4256417832415478,-1.2569529502184649,0.7790965705954054,-0.145135342022566,-1.6141568154970827,-1.5726062121321114,-0.6855924934690968,1
-1.6415993758422798,-0.14828761849917688,1.1476609985726365,-1.7883610106208472,2.1071437586615334,1.3337606900669616,-0.20906983814284383,-1.8864707966950092,-1.3430466695003882,0.13480596768784225,0
0.9060169841178707,0.37080371096457576,-0.2536424617471986,-1.0134076814035662,2.3001394962198742,-1.734697059208647,-1.6098156740010796,1.1753257081422925,-1.7437086619311055,1.1215519890475816,1
2.448137668422661,0.8713890304699135,-1.0819851685581523,0.6807477368483649,0.6140692829830654,-2.4562518509733,-2.6175822270515483,0.020808644930790043,1.5689912688184682,0.5407431292545342,1
-0.804689658581154,-0.5371444771984664,1.622672499506333,0.5674227010173079,0.831051478408323,-0.17726246937182333,0.05948227261083281,0.5081148413056775,-1.1110327180874384,-0.0018732176734744769,1
1.3448989078460636,0.2644119189691491,-0.6422113278531695,-0.20464046430587465,-1.0418216498487005,-1.121725608522612,-0.22218056881249612,1.221255215318172,1.5933653407002735,1.951904690744351,0
-0.9702760870947884,-0.14263795267200036,-0.860743160778659,0.7147133242838802,0.9483373030927232,0.8190248317972413,0.12435423729298778,-0.8538143782943567,0.10089431872350582,-0.21441309018712662,0
0.5806436180043166,0.416943238770638,0.562149234798525,0.1038815900892026,0.9032924938184901,-0.5261177133708141,-1.346379572944418,-1.0399071292903086,-1.0309940645814544,-0.23184596732633858,1
-1.239497981524632,-0.4197930458717307,-2.154634469462036,-0.34585108261296216,1.1321823772847834,0.5935263878049677,-0.08939326919547454,-0.9357807566155318,0.21682819400878844,1.2229110211584082,0
1.8726972382235192,1.146598109937323,0.10625812293190841,1.1053877869124669,2.580752167771533,-1.883857791055583,-3.094902888649482,-0.8789956006572466,0.05436942473197939,-0.10830000059366017,1
-1.2608817738247278,0.4080255145602778,-0.06630904832470923,1.142679734849194,3.654785561567445,1.2120682733092103,0.21404021587938263,0.13077735841472682,-0.7968940391287875,0.40688804493302366,1
-1.7753030889934869,-0.9931829082052908,0.9562786154523715,-1.09098609488847,2.2021408944037537,-0.2233758105240189,-0.9513083784062012,-0.9898156216540271,-0.14642262392984368,1.335619746857929,0
-0.0038634105177404177,-0.4686219004395871,0.5721360949871381,2.0420491282903765,-1.354880027766717,-0.3046283539592599,0.8209118749232934,1.259453239966905,-1.1743437852538703,-0.09255424730434829,0
0.41066360413923286,-0.3428227886799349,-2.2176903367729826,0.05571408124453338,-1.1312394218086,-0.7850247455147551,0.9518023019027443,2.5229963422291437,0.38512027458826115,0.25737671437549836,0
0.9847455919281384,0.4748612863659592,-0.9003958761232049,-0.799979111830267,1.3324685019955291,-1.2056986142708586,-1.0613946744998126,0.9254912295082676,-1.2557559146293127,0.9346270130924438,1
0.9787403461720183,-0.019089442631636876,-1.4532808092954113,1.5652496522623742,0.47736938549452046,-1.8082151988073967,-0.9359192812462263,1.5792654699184923,1.5579372978827553,1.0820955816448747,0
0.4799856888614422,0.19990212370296834,-0.0232605550585793,0.10905516171797205,3.209113702896523,-1.7751408411823066,-1.0427437923157103,2.651412411172111,1.4788177249485903,0.048655711444227305,1
-1.6992573159564717,-0.9833068575124604,-2.2252481458734734,-0.4215498456187738,2.142065612262205,-0.2949950697298165,-0.9367180914569601,-0.8573470340747926,-0.2966734700214232,1.4276061024861049,0
-0.9157054400980549,0.3192380234506968,0.6922290005359741,0.6809469879925312,2.2580021514135624,1.071997879975715,-0.29701165288805936,-1.2772656287764304,1.0293568263194672,2.1363912116579584,0
0.014794117172526655,-0.003594457455357829,0.5793421992212987,0.41808762818477085,0.6905261463606209,-0.32797602114175073,-0.037290438297132585,0.8106708246168431,0.6020895483851875,0.5384864550785039,1
0.34068375402518325,1.1805551009516093,-1.444755220429466,-2.1253719922695136,0.4751407241783099,1.6671616552067685,0.8524996348193501,-0.4432486772798223,1.196982682767551,0.18660372628623173,0
-0.7889518982647323,-0.4119465995210698,-1.0293362166480655,-0.2556192064637815,0.7812144341746537,0.11371007164815472,0.9044181740350725,1.667991168588495,1.0980648609164874,-0.5945152008790356,0
2.2478838809304236,0.6769270594588792,0.15923945710540033,0.3168275154503976,1.1796252808162655,-2.7634689566018,-2.3772762596984807,1.1710262856735316,0.057851203331937925,0.6577461238580121,0
2.122689230996153,1.4452476792133426,-0.7380113432476374,-0.22458972854689915,0.009087000656144428,-0.45099373629870887,-0.7598444865511546,0.1105405258350417,-0.7082695558054857,0.7593441341822526,1
-1.920576356058246,-0.8026916255222162,-1.0541260304024767,-0.000393698214244116,3.4265397728132703,-0.1696667201070221,-1.4551890796968883,-1.405671361616673,-1.1217202641793287,-0.48996560843489595,0
-1.0115328857576635,-1.212757548395125,0.777800647683877,0.970408624865326,-1.50740335200478,-0.10689415527140078,1.8649116089969426,2.4535748843964313,0.6130017557874727,-1.296135610653471,0
1.1788470839004022,-0.08686132808119465,-0.7067373779629346,-2.3903476464131,-0.03657725156080205,-2.0419580525503767,-1.1041074295469395,1.4007609239804106,-0.8277889470838709,0.6486400087956679,1
0.13253485168619228,0.09628852305008691,-1.1507678566625505,-1.2332008614608723,-0.01927394001009719,-0.0317783515070893,-0.5080425175940513,-0.8788489081789769,1.8311884041422857,0.2495201988829637,1
1.2760557982926326,0.39983824206742746,-1.918325817446835,1.4371072652533239,2.1088366349612944,-2.2421829270695284,-3.0196453001565784,-0.7159621085607808,-0.1847834913213576,0.2058346492332932,0
1.1675754637931572,0.5697826764395039,0.6109641928430793,-0.6953985017646801,1.2600013020842002,-1.328230087413822,-2.1959023815319587,-1.024067092346491,2.3117120945375147,-0.4391396573555995,1
2.5141959102986506,1.61260966201296,-2.01373092577735,0.028937510901058065,1.1710958414630865,-1.2851285427268149,-1.9644428720913527,-0.13381884811046785,0.73432049104351,-1.3374438947098721,1
0.33685490158795406,0.7860187515366757,-0.15127983817501522,-0.882147951501738,1.9122167456457824,0.19624203568065135,-0.562997924654196,-0.15351439205496686,-1.3681307853006976,-1.3088549795374005,1
1.3254678725665245,0.2632113524865391,-0.1549726580800741,1.1421372409970973,-1.2866895804406315,-0.9939332567458363,-0.3147148673211072,0.7087100143653862,-1.848003541677036,-1.8793491041650592,0
0.7154464979573055,0.48275215298931895,-0.4922751972444448,0.30796846355474955,0.049471793447707135,-0.20010808272207392,-0.627635611750139,-0.5749359641074703,0.5077223301707687,0.7467786429741022,1
1.5726007134807318,0.30678238602401675,0.02768373298620793,-0.35562227568453547,-2.4322106371879304,-0.8047790282128213,-0.4240581107573115,-0.3216383763266786,0.14881947167471893,-0.7084011684860682,0
-1.1245289248289838,-0.53496770526539,-0.07716848848392813,-0.8615287882094892,0.7581481180272199,0.34957634917582525,-0.02224665839625172,-0.6064656509543953,0.7080651126678776,-0.9201834792799373,0
-2.6556593606261387,-1.344400423685143,-0.11595982268490965,1.1710133526215625,2.9232353736996433,0.11829856821072005,-1.1990439762162646,-1.9342127851440403,-1.620467182271027,-0.12389497063516039,0
0.8977234112412357,0.3565983358193986,1.110740284700412,0.824666524855048,0.2829877263732117,-0.8718826770381909,-1.3465581751876519,-0.7416044845531526,1.004014518932359,0.7325258601659939,1
1.7516363181595758,1.4338101078593721,2.3492438311765067,-0.024378829719671532,2.280790807598818,-0.9109909898629884,-1.493645853560378,0.5136003437633219,0.24740458442826121,0.11460090154036101,1
-2.4360345755857677,-1.5125931523163898,-0.7552105635866923,0.8452438851626208,-1.5560598523998852,1.4570742325068249,0.6057298710145945,-2.9014425518093416,-1.719814217584536,-0.5980134826374254,1
1.485482908955504,0.6742758905367204,-0.10326996436570036,0.42138063757304256,0.8364206959080231,-1.4251644755532942,-2.086467345328753,-0.7758439210046457,1.0504775089782825,0.5461225873571321,1
-0.18246631348529707,0.1924662740201936,-0.1571483257064801,-0.09609247804447531,1.5354532171861088,0.0389389416246535,0.5809847194176053,1.8379165929115253,0.43136567321792385,-1.8947465340976242,1
1.5556107810540771,0.8692198164774667,0.8052897672707265,1.0470796036947654,-0.5881764083577352,-0.4309869606101463,-0.11328446269323213,0.7440369135382789,-1.4036862599719553,0.9134573485900246,1
-1.7064542452170937,-1.0231974239869697,1.2724498349859186,-0.01333732667641459,2.621420982222955,-0.5862128703021505,-1.2680848050710487,-0.790957229345136,1.9209360817607755,-1.0449847958245357,0
1.698394135843449,1.1338990349350697,-1.2869641914130048,-0.7114315712426919,1.3882630790035617,-1.0524174113788856,-1.654286211079776,-0.10615252900038119,-0.493481736924916,1.403466242505904,1
3.1260322680262016,2.2767409172886706,1.3663813766980701,0.20256389767449143,4.135742590318534,-2.2806855815562774,-3.892797961128453,-0.41673842666110017,1.4918572380426127,0.10060982185459297,1
-0.5867106833679556,0.24238181812677342,0.7453075139990365,-0.6884580935214643,1.1959454625890538,0.884862731207863,0.0969132622623514,-0.7051032769217025,-0.40319997667940266,-0.6557692118836147,0
2.6968339359592113,0.8916107794969536,-0.3135498579063411,-0.3091371322808867,0.9240728404855646,-2.9301720510197726,-2.5426409846962845,1.1470875403600758,0.8761722694153901,0.7757110915764631,1
2.839575398382657,1.3976588235719696,0.9096688748297249,2.0140669678314596,2.729052954413765,-2.9890341504252964,-3.9357227642287524,-0.3539428534811697,0.6704399641700906,-1.1618565301099446,1
1.5448298846125423,0.2549113863974162,1.138115173753539,-0.15118865524293656,-3.5257023270944767,-0.27087323071919045,1.9691875471288571,2.8307578117577856,-0.29425323871946524,-0.7179445887463762,0
1.6630684746783777,0.3818321314907279,-0.8749587719477853,-0.11197638907509223,-0.03329837845729988,-1.8530398207896004,-0.9889088362364701,1.5436770886397304,0.8102368916457872,-2.0056069820529556,0
1.8688184457364867,0.9739859966947988,0.41912283073062573,-0.04702277998305198,2.2341792927283395,-2.005051812805327,-1.7917381444793696,1.5949236682562056,-1.9501675630367528,0.9062447284530497,1
2.469561769660362,0.8720838266923321,1.3965107317265069,0.5228264023012995,1.0415911176272972,-2.644570013895225,-2.109005434421252,1.5216691386965788,-0.5320089924219917,-0.21475050963427675,1
-0.21115721024301126,0.6304626143802587,-0.8109637588696621,-0.9618867836801662,3.763362406966741,-0.03974865324471044,-0.21229781979027967,1.678215575040976,0.9667441501738717,2.308073840497217,1
0.6633823621467827,0.13590363701540834,1.1809884155574641,0.471650311795927,-0.12410367329118133,-0.7781258495643149,-1.4179696422951098,-1.3439238016190371,-0.1873123315658938,-1.8246972539280764,0
1.9227789923612186,0.7881477066829781,-0.05271245852444662,-0.4981601096833751,1.3176271077368507,-2.125420593822615,-2.9156861710593915,-0.8653509736270233,-1.6081921530352234,-0.3595620787638686,1
-2.8260419098994816,-1.5757863235693255,-0.20071192356274567,-1.2704871333711703,1.9432348733421603,0.36681179569430145,-0.705955297511481,-1.9832678000910726,1.9370338408058605,-0.10859059055676148,0
0.3509302363165351,-0.4312820315682682,0.26064510936876345,-0.10214525795187146,-2.5857129515942887,-0.20335502782824,1.7548677442104368,2.3501976208729984,0.8263181035326802,0.26957463153707556,0
4.343249790432101,1.7048465406306186,-0.5541600923576556,-1.363490225886969,1.4402218854158957,-4.156226107054749,-3.9791283237496393,1.2041290679719288,-2.069213877695156,1.843307396699484,1
-1.2550735034772111,-0.4776425140942276,-0.9103855751752401,-0.33754980384282535,0.9052796658168072,0.6053554827199441,0.021053907067888795,-0.8762572681751121,0.5486536013884789,-1.2041881051317855,0
1.0696343994104196,0.5660290056179291,-0.27763709636906325,1.1033763690042824,1.3032702778245127,-1.196171389021144,-2.075175753401071,-1.0065222693633333,-0.8477871854614358,0.7752448397955801,1
0.3789368708374936,0.26487825809377297,1.8848240926568434,0.27953230236997895,1.638219192295713,-0.7828652203279665,-0.41540830980478527,1.449234862494289,0.4755171801359994,-1.7329731264511448,1
1.8119945267258668,0.5572701951023965,0.6142487023202355,0.09320839287592046,0.2611824825063578,-1.9371173994006399,-2.4539262141900786,-0.9027012555116737,-1.6193641695200292,-0.17000477793201074,1
0.889477734371896,0.423823201413479,-2.5628377020773465,-0.3312975308610264,1.6005478040471721,-1.3445907140922804,-2.39145109327018,-1.298217205582092,0.7257042107797403,0.09306139008988484,1
2.2397281695635773,1.008706763845585,2.0095865801446813,1.34956803425635,0.6907963281558477,-1.8755327648838782,-2.295639174829215,-0.27220184226130206,1.2884072395297348,-0.5880422808533281,1
2.661780811712757,1.7389863828647094,0.6155539943727368,0.9488189265081953,2.938067985134161,-2.084573976986,-3.211970732968397,-0.27399804944685724,-2.9413064001259883,0.7814094570778178,1
-2.888715606321699,-1.5700911413021261,-1.3044210082370367,-0.4961517449841709,2.7906830277437358,0.08648641976067117,-1.1935524748273298,-2.0480764858067797,-0.06005544415281501,0.7496197904757432,0
0.43374789738824404,0.2416842290685702,-0.41497957180649786,-0.9365926813540618,-0.07165413789883646,-0.20853745416980585,-0.9349183207794727,-1.335054670641289,-0.8052039280591049,0.533298296664353,1
-0.152945768514416,0.09894712793732806,-1.21382865688495,-2.1641356725228937,-0.4392168086374404,0.666469273004624,0.8375795511481801,0.2980227163527954,-1.1895043989130516,0.5785842868758165,1
-1.5029429967893155,-0.10036309468227919,-0.8697938219971844,-0.9446472963536495,2.946145805762202,0.8260895404982977,-0.758198329178629,-1.6512245873889384,1.4211898826459914,0.5012922598385489,0
4.075496523233174,2.3215340559693654,-0.1611751159467886,-0.3475864676225918,4.116612867985321,-3.713099824885882,-5.013603552974836,-0.04090757298919989,-0.19264711187328404,-0.04707608931177357,1
0.7716069254293492,-0.050713482322537626,-1.6563034791476003,2.425915803904194,0.13999890226686462,-1.4047872207354621,-0.9173611641175773,0.7385070803863274,-1.7220574218734697,0.23331253852540618,0
-1.5647497317060788,-0.2221879162907431,-0.6579265052279768,-1.3457711030380077,1.6345556755753856,1.2797456572743753,-0.02113645595029459,-1.6802746381033178,-0.8819897147935749,0.5751148672672131,0
1.8357078317867317,0.26699346057423995,-1.8364918361822273,-1.136673296269695,2.2589607660547033,-3.4079736604687225,-2.4383860924568275,2.4472866169874146,-0.5958544155324317,0.6120822469545375,1
1.7072443209437635,0.9758703782951422,0.03381076510139052,-2.6224895818080096,1.6229894730417838,-1.485391614252749,-1.722488664467267,0.5433359651691759,-0.6833404963743509,0.11988920864957289,1
-0.4986517153396085,0.8223648815651162,-1.192164714165995,-0.2379727962987713,0.8096647672225927,2.1077359992667044,0.8083557926877287,-1.3457537362865155,1.1266477668600359,0.04534928457545429,0
-0.6035952949487282,-0.5409403446121533,-0.060086625696063024,-1.3118583675383357,-0.6254276163315029,0.09346384531080143,-0.5940645578837174,-1.8771428005919613,0.8631911191816007,2.179091794832903,1
0.8384009471842984,0.08984288214051121,-0.5564855754378322,0.22105364023195473,-1.007112840359295,-0.6991394980120407,-0.20737770984047427,0.42874690871419463,0.19660061720995428,-1.6047243812255572,0
2.204286210518732,1.3194425629928381,-0.9058551633304163,2.4057262257010534,2.4374786345888624,-1.9817292578980354,-2.9072942878270633,-0.31694432874951983,-0.711919093459143,0.917039105859282,1
0.01731656774860102,-0.15423731506996427,-1.8671906115312635,0.830038676081814,1.1521156824211696,-0.9414995946559346,-2.159337873002914,-2.0704053433600693,-0.8556268137262137,1.3560265972164827,1
3.346843461957008,2.0094518706952,-0.18574470964942177,-0.5059063742786637,2.1834898366696045,-2.2688715543697886,-2.9365377617045207,0.38880506318579755,0.8138751128869203,-0.06201512105919726,1
0.6750637213322499,0.7801153941095832,0.44376002114215124,1.3815066944369865,-0.23933406329844953,0.6510894442485564,0.7426574777389852,0.5973898788737046,-0.8090135884151992,-0.3286194011366703,0
1.3497235621949608,0.02681258249474882,-0.5502899039556507,-0.11202818036971647,-2.2461114323141844,-1.049796487869802,0.48311154528739486,1.7876171470436755,-0.9346974837783468,-1.0712620528578671,0
0.9628822672906436,0.6015597027504487,0.32030185748568424,1.3957522437530197,1.4472684669039033,-0.9880770320745835,-1.436022108728611,-0.058775603095180706,-1.9343651913978737,-2.119530560398909,1
-1.455549746276169,-0.042232510672345715,0.5565129464138463,-1.3625510074619642,1.9108280209451365,1.3468628166663636,-0.09920776935414066,-1.7286281118924447,-0.5048375366411622,-0.6172403285094672,0
1.7297195491329822,0.8269059251631641,-0.2514684081780154,-0.15602821510346515,2.3040718635576045,-2.110480610056233,-1.7485815632271486,1.8154455583664062,1.7061032540602412,1.3699245482398605,1
2.1790586014385807,0.8403403445265705,1.3682425261329867,0.21841758022053953,-0.42691113588959095,-1.578219654216682,-1.15285892690835,0.8158733256487354,0.184124159383961,-0.5879047786626496,0
1.6802353263649035,0.5151941810011099,0.4251507082946962,0.4387316884261801,-0.01877981561889852,-1.6226045512978913,-1.0393752922064838,1.11965868020338,1.1232900806769137,-0.7208977766337437,1
-0.99460089678169,-0.001660893010926331,-0.3438375739790716,-0.7426259698300957,2.3141255125570703,0.5650857311796669,0.36432411327118136,0.739172949547569,0.5249070721542171,0.36313521466329624,1
0.022163855361941986,-0.4615511441604543,0.5749607173451619,-0.8088305534111546,-0.3647456090232719,-0.7763640696190146,0.417599266980454,1.7576470968758087,-0.9525085824490266,1.9153707843925019,1
2.0858444135858534,0.8291426537686931,0.5344251203893925,-0.5350061206987613,0.15602049586197375,-1.7138797670101917,-1.3040003399194664,1.0173480318170693,1.1689754936579,-0.11579064616868044,0
1.0781930003651823,0.5670736240954746,0.33420398904396154,-0.6640308291079333,1.8920286208220647,-1.430716004627347,-1.5239122371969829,0.7298343850929851,0.9538409056452617,0.6268096603573701,1
-0.10821270434915897,0.0774493889140081,-0.4193373569892464,-0.35023085025736655,0.11189345226020797,0.24541478841466113,-0.5468353807953323,-1.3923124808448035,-0.29603643624560066,-0.21886861596369253,1
-0.6421432084584893,-0.646848934496694,-1.921141647569811,-0.5791839361103208,-1.7908529267689093,0.4852455798616573,0.2394882317677554,-1.5379981447885516,0.47678024586852014,-0.7485428963502714,1
1.635294996694614,0.23854408686776823,-0.3517740512778918,0.6890207723520985,-3.0136124416027537,-0.7160162321730479,0.9621042850177917,1.8943614792665144,0.4374714938445265,-1.6017795116929643,0
2.499531414383368,1.0432749658661613,1.8543504511563285,0.028894254252095176,-0.36971982279714466,-1.7226115465933423,-1.6855984290026085,0.17879776084336152,-0.255201637403289,-0.0931511306296984,0
1.7650011975444957,0.42433200410688376,1.8906858190561147,0.05496910363104143,-1.0133327897671078,-1.5149135074380133,-1.1542293594573356,0.21699176795275887,-0.22971496231653332,-0.05202333984069674,0
1.6404247011248945,1.3860885284032574,-1.054727020381536,-1.1178225674194306,1.0740991450143873,-0.28525116009194096,-0.8948126507197216,0.002645607343072287,0.5338473457628615,0.7711738912891355,1
0.03620651835314259,0.8664151994397917,0.296656768652208,1.1648608683686836,0.14294127302049198,1.659424820942219,0.9382250601802054,-0.5815451510158578,0.7864702352302027,0.5919778059083083,0
0.6096026525087022,-0.1740559990044443,-0.20169701335393628,0.30777182982529105,-0.32175287115745577,-1.1789674416379439,-0.48210348928988533,0.9071835994447882,0.5835382130728475,1.641673538069795,1
1.9468530002538231,0.7246496622181904,-0.56018258352772,0.33764715229848097,0.53022391344553,-1.9204835596688077,-2.3178302613178072,-0.4601021463741537,-1.674939736234588,0.5688565448148288,1
3.227398621212539,1.744943593513163,1.0012209389886382,-0.3131671466682972,3.2160715501442785,-3.115357014980483,-4.110260783982316,-0.06412263847760213,1.3036488929144814,-1.2281376722962736,1
-0.7130998772619286,-0.44296718344153974,-0.4098587284550169,0.24477981390347445,2.6708001117467783,-0.9509269530842954,-0.5327153011310218,1.5990949199238265,-0.48383408535972605,-2.003007581098037,1
0.6006190407054076,0.4465491112904882,-0.6845733030635796,-0.41029488297448086,0.9250553932836276,-0.5091782706285859,-1.380935630720311,-1.1105802303965933,0.6353200294688184,-0.1643919929562493,1
0.01814894736578665,-0.00436690132161596,-0.5833293062016158,-0.6178347894257167,0.7632811791575658,-0.4380362823772035,-1.4110655208526972,-1.6079618188084677,1.328518547790288,0.19107019035838413,1
1.6586624811558361,1.2557039860449204,0.6850327532156913,0.7367377256146197,2.285553660798059,-1.1704225054072852,-2.3757332556563044,-0.8217367617348188,2.172864760415153,0.0034759449668982398,1
3.1319200625571475,1.0559546551967782,0.4597066904646486,1.1243618989479902,-2.425576244952298,-1.7461051257022941,-0.7339613019943593,1.1416809515924131,-1.1816748365583476,0.2459906313016549,0
1.9791234987926043,0.37391025911455894,1.1723408249398233,-1.5631687714115896,-1.6721995735740163,-1.5875462638756899,0.31761860630754774,2.8565915489218177,0.7001436155372803,-0.07683805446002175,0
1.9105146129021011,0.7857116555636433,1.0642623749095732,-0.6493118185335688,0.6251568697918086,-1.7519233991157868,-1.7238212884124522,0.46207045133152214,1.0063252303274555,0.5067280656934068,1
1.844609335291716,0.35155466523608714,-0.3163678782326235,1.3707712540890165,-0.9266104672438273,-1.8348491784801981,-1.4269274562500138,0.25400937904396026,-0.7903826359466788,-0.6313828728251135,0
-1.5683553242100614,-0.5876138554179606,-0.02531944917065975,1.2074842317279286,2.5175371375238402,0.13254233960673079,-0.8927930047138483,-1.1442203520462282,0.29479202026423684,-0.175335496541397,0
-0.6234323204811015,-0.017493703219515683,-0.9492498099751026,-0.4392566530171012,0.5508093625564254,0.7097787557866708,0.2816044556969678,-0.46921217745725474,-1.0204990880766078,0.32960955496021377,0
-1.5219210568801365,-0.8014194148686412,-1.1147984672599835,0.5147965768184081,2.5547020979527844,-0.34275933416914384,-0.1526603939518964,1.017392825615519,-0.20060792059397026,-0.36907817331814946,1
-0.7924700955040813,0.13008754451939658,-0.6495469420340139,0.022210823952641835,1.0680354724045658,1.039610821256105,0.1927783798348073,-0.9099286177533296,-0.7687445646432849,-1.6040047731038294,0
1.1451692143240069,0.11585125071672288,-0.6966709729664388,-0.21009577611980443,3.0048409731081653,-2.9286963955565097,-1.859687148809396,2.9702074897706963,-0.3093108504918787,0.6760870185928592,1
-0.11656198936701556,-0.40185813856841246,0.3001703568993689,0.4420115668407565,-1.404604957646833,0.013254634930537579,0.6084814052871339,0.30558801267553815,-0.4029927168976334,0.8098454192059056,0
-1.3386424165126156,-0.11271767241334893,0.4950542507096204,-0.22359353712831415,1.1989501881733289,1.3789765928019495,0.82822667929584,-0.3553711965915578,-0.5999498096831514,-1.252486533476965,1
0.7421694324752437,-0.1843252704836727,-0.027534003192266576,-0.18550733303255945,-0.4728245231837984,-1.3382779840617232,-0.44751522466947,1.1808602816076879,1.2600817066431307,-0.09509348630178481,0
0.8556257905164705,0.6930046388324879,0.0984368929138621,0.21308192115798177,0.9725268535331663,-0.42407613933873045,-1.2067570419994391,-0.7713538834399196,0.8981184300658434,1.4807939448507956,1
0.7968010141780585,0.9313247764032818,-0.47281178800397805,-0.2718948387053857,2.439022823348958,-0.48541707719212057,-1.1911895185136079,0.1484304945346555,1.3881155738459656,0.5217572683362824,1
2.5149350506962023,1.2598919680688891,-0.7075233620117953,0.509128203288652,2.60333482459883,-2.6912648556371397,-3.6387788711064326,-0.43582210789498743,0.512340157285754,-0.5549131850985329,1
0.05607999606672076,0.037426554120576244,0.054017275738785606,-0.7736176405414892,0.05287960103778755,-0.08199786503942286,-0.8963480038726174,-1.5373965992292944,0.9432592912766918,-0.29829097598376597,1
-1.7126870974224757,-0.7791645816720831,-0.06705391415944618,-0.07308168920600076,2.513285200244197,-0.02801274363794848,-0.9703807188442733,-1.1161614302824703,0.535407043245715,0.3323354903476448,0
1.0402063574270646,0.6742198005854685,0.15049585604121257,-0.5783410012889105,0.8517804798833324,-0.7004419577324179,-1.2957938095411767,-0.5209399210697444,-0.718309165075923,0.04781256486155496,1
0.48903618381050884,0.4794391303738328,0.781338881067793,1.483012605779922,-0.14104809748427805,0.28567526643467167,0.5139347350820332,0.6817162716697716,1.5622099860809129,0.3555405368032692,0
0.01661741511214232,0.7944631583814278,-0.009181596868910999,2.0052332367303176,0.8845636648963794,1.2020313533772269,0.4344600096698874,-0.45517237723133785,0.5554533867294132,0.9407766600111298,0
0.7122029398326766,1.5831497146400884,-0.21087421765757752,-0.6790902478809351,0.04988659990882671,2.098158760866564,1.264825753967713,-0.38052722530430183,0.42519841450681595,-0.4585033697822733,0
-1.2161016669112985,-0.37331145807991684,0.42886380455009654,0.719122906401949,1.4380811164250886,0.5115745150733091,-0.22812446920137897,-0.8973767951862632,-1.2304314250734585,0.6206420471435675,0
1.640731181094537,0.38241391061374913,-0.03490501257752804,0.8529358728054832,-0.04916456433635141,-1.8072387447993719,-0.9273455927224845,1.5749076397542274,-1.3498220120928548,1.3450526484260996,0
-0.24147824346569235,-0.17627216854799557,0.5122654817073324,0.9765521448337597,2.315900204490447,-1.0668399225718719,-1.8475334754099102,-0.7428227828711207,1.0212835176823163,0.4635160994705576,0
0.4098901494074938,-0.064049559322361,-0.31848120205071356,-0.4067488337481975,0.05156770617285966,-0.7784814062799517,0.12173909863132878,1.591106888789021,1.9289985037772892,0.8227552636712073,1
-0.30142140383270255,-0.7075453273613798,1.5178069114237682,0.5553211055380592,-2.391767292488204,0.13736008950170087,1.0680434965636563,0.3675496240335474,1.4090559922783814,1.1896558830322026,0
2.3570827827841536,0.720682028459818,0.8630329770757966,-0.9012181794341353,-1.9359816997559116,-1.423798808528146,-0.7319245881440262,0.6173843775308159,-1.4762128092104918,0.35084891681959035,0
2.872682866385926,1.6163906842369997,0.3783970217295562,0.034983492205156556,1.7611196995439395,-2.1230294663378633,-2.67195757990811,0.24222449949185698,-0.9114891377429656,-0.25491983047579875,1
3.016911001769267,0.8261889505997086,0.7423189885223056,0.6452713561513566,-2.399283776794311,-1.9926316709716416,0.11668440950765693,3.1004974019048954,-2.1085760779095626,0.06794729402166948,0
-0.4993238497824144,0.22175222730631525,0.1205038268453561,1.4806073429288205,0.5834961446279512,0.9866710015333683,0.39903494670853074,-0.5867513424750204,0.5298298380384807,-0.7339343463858528,0
2.8149209738844823,1.652854683948537,1.0366030841046558,1.0481989847831346,2.182633003526448,-2.149647328937349,-2.8276088307681766,0.19698984925311458,-0.6372449096646982,0.3160331504093044,1
1.702639590072282,0.4113263290503303,-0.5278930577584532,-0.33544316625066073,-1.4908362998616949,-1.1870437355925774,-0.15367536809767904,1.3465786498397727,1.056768471057531,0.06281949219727394,0
-0.7692264282467456,-0.3427644057969983,-0.25823875376664257,1.2691840923160893,-0.30816856954704197,0.6276246051989423,-0.24432423817758386,-1.8948665164569602,0.6956482257226411,-0.717046046244503,1
1.9343007528064533,0.662237352242507,0.32536613848042645,1.2753102710115014,-2.4026735942715716,-0.6233295784486073,0.44780966747476636,1.2416450326927315,-0.10015018970176286,-1.7481852419633508,0
3.1622584195645214,0.9323943737058653,-0.213009477054277,-0.21559911304650853,-2.4387205314369518,-2.0013206090826685,-0.11472924268574675,2.709829403945724,-1.7536931011198968,-1.1930000181248048,0
1.6242080396745444,0.6204474425394223,0.18742273008705806,0.5557433508119813,0.584908259487361,-1.6435123633557702,-2.160221062718643,-0.6751232171405368,3.1347532196244527,-1.401548073631153,1
0.8910368302296824,0.2265127753732372,0.9499303451951927,-0.6845060386662173,0.895853921766435,-1.330775168779703,-0.3417306931155843,2.202336148007854,0.25980764137549495,1.221504688416547,1
-2.0137236463368398,-0.6983844688371423,-0.7789665399282628,-0.9914734938983253,2.246498568397391,0.7348827215479579,-0.568907507083687,-1.759843694031582,1.8564944433135064,-0.7155408270528943,0
1.443357215586477,0.29521574226312997,0.9067290223558118,0.6947803746607347,0.8945687679557269,-2.1013332478946882,-1.3385616926947317,1.6743500365800958,0.3251385052017752,0.023462605123353998,1
1.5851857299520664,0.3738721278030046,0.07475343130453757,-0.5388913359437051,-0.04837675522642404,-1.7586482162415424,-1.3101156616434761,0.7485559098408072,0.4254007046078581,2.8805461336197187,0
0.29610439220330287,0.12294658771369969,-1.1334696382134968,-1.0253668389261854,3.133441086372195,-1.7040836193955533,-2.810519837381752,-0.9509859542236183,0.877452828644125,-0.12019557323920567,0
0.8560986277129312,0.1172873845049897,-1.2790555387505351,-0.48637882117952863,0.239927461387768,-1.2380255770838042,-0.8121529012848251,0.7827190753003979,0.8275344624172247,-0.4191666760100288,0
1.7690188718605115,0.31790069216700545,1.2501288649613478,-0.8363305751018578,1.184284688060648,-2.7363848165127553,-2.3202816435427187,1.042347424444647,0.3657981080544248,0.1695430979541405,0
1.2912132566340406,-0.048444932994689334,-1.0217731458308748,-1.178541545204188,-1.7466967863631107,-1.321594615181816,0.5141205071244836,2.507286956145318,-1.441439656985944,0.37524689337524714,0
2.0345211308701536,0.04756074558075224,1.189127575636541,0.6676431294269395,0.7292872716962926,-3.482267482542471,-2.139288353385201,2.3534896817702355,1.0232254393667928,0.4486533064597439,1
-1.1542013314227786,-0.7992552367469393,-0.28898130128748695,1.1430689049333211,-0.925328190350104,0.5807702133816197,-0.19918760164760588,-2.246079088133217,-1.312772942117303,1.5634813218320895,1
1.3926581844081778,0.3740095598860545,1.5982118663020635,1.9495523532460133,0.02100604285731522,-1.5201638863108684,-1.8880635907999745,-0.7519448019419197,-0.748202931760011,0.059605642324882316,1
0.7424900090532687,0.5914301003426001,-0.7407318509632173,1.010138350601754,1.2109457446016434,-0.5648843334309525,-1.423752971790452,-0.8897663422631209,1.3672787711224113,-0.014802116880531723,1
-0.234166971119943,0.2560224399713316,0.1513873534520897,0.804396551932667,0.10481238524610492,0.8301146785104156,0.033326381171008404,-1.2105417057476722,-0.016954874117180527,-0.7665123619049053,1
0.7742134900708302,-0.3144782673752688,-0.5266371268120963,-0.25958676433091193,-3.487712412884269,-0.25925300075470137,1.3830396630920596,1.3932706013691671,0.016649779346115858,-1.4751324230410103,0
-0.2728993445828417,0.4746263556434658,0.14265299058776906,0.3512069707297589,0.670136389187077,1.1055799182337782,0.44964185827168707,-0.5238636705873088,1.4115937064689341,-1.1351240569869194,0
2.0111073255318335,0.8131245890705763,-0.9127267119169671,0.7140891721802669,1.5070554099905697,-2.226311082542858,-1.6333164123062078,1.878031175160468,0.06530626870209688,0.3449968895337403,1
0.13696268403972445,-0.6350495169494252,1.4310484472465075,-0.5869942305681122,-2.1887670629119884,-0.4613622262109953,1.5049674418174834,2.3902381581548724,-0.5973393785175054,-0.6180855025896065,0
0.644211400671959,-0.2409890940109763,-0.46882355059005987,-0.9857821904933128,0.21634378510385788,-1.6998255500467745,-2.446842401609236,-1.7548997074815245,-0.19760639722950676,1.015177373523986,1
2.319606146520894,1.0345926252372615,0.8328344632008586,1.577299960457504,0.8392028856407451,-2.022339244621585,-2.5062228685893704,-0.339406424143899,-1.0332163291576568,0.2672535369305427,1
1.1370825644784655,0.18014443034541627,0.42746789585140466,-0.35863426521443076,-0.21934490118169725,-1.3532318004865045,-0.8504693226726963,0.7403969081607232,1.0642899110095172,0.9343466876585294,0
-0.7517131090843154,0.14381543139119063,-1.7809292480446668,-0.2140539109101102,1.7314945855788306,0.697412859131137,-0.22791514530329718,-0.8149622404429441,0.19712338395167717,-1.633567881101448,0
-0.2435781601207312,-0.2944862261573146,0.6316587702304404,-0.7134574292372619,-0.15602052778006714,-0.1361424028790703,0.12886040501212082,0.259527508976214,0.1916683216816375,0.12819558546734416,0
1.144770976643142,0.8202761293617764,-0.5997171312887765,-0.32080798858277876,1.6401248825690358,-0.9424378948710483,-1.9309185362316248,-0.888021399703958,0.7940591756373482,-0.5318651092330082,1
1.0080057999699232,0.42410228426602176,-0.004841897020249697,0.5589084501881951,0.032918377393827525,-0.7985365406107563,-1.2998765258673375,-0.8559253218214733,0.6866962629791279,-0.5414823541713729,1
-0.7399556912623597,-0.5011341981713434,0.42928970361889524,-0.6765907721828192,-0.02151720960956438,0.10529748143248474,-0.9748454169459495,-2.3401258154866555,0.3401892843741382,-1.5051177207510082,1
2.6149372103203747,1.5392606985112567,-0.35748593237171616,-0.6378552492092853,2.060181163744509,-2.0089228888086073,-2.73449537336016,0.01325134414165774,2.1030340022138754,0.5546976406947972,1
1.476771185504477,0.21675922798352928,0.7744616486721234,0.9993022814449782,-1.3895416486135255,-1.28722213166253,-0.5113078847640823,0.7749723115919421,0.8332199491800666,-0.020845470962028375,0
2.3413159081636694,0.8287559287650098,1.5645425003471687,-0.29573687240893126,-0.5134248773381149,-1.7987595767069062,-0.8314723733483137,1.777245375480761,1.1465620475642917,0.5784931909155416,0
-1.1567111703050805,-0.8546217238527014,0.03067727166263311,-1.7941317080125356,-0.24517395510047169,0.2106320559156719,0.3311584744230209,-0.3012151439752305,-0.16738498023618098,0.23477476513795484,0
2.3263137507042515,1.5057762027791493,0.5003003245768607,-0.6752581335591302,2.50886741236341,-1.817191514035831,-2.6659534719757847,-0.009690212313462787,1.362078695278878,1.0147217465826062,1
1.9222704746507366,1.0600190931293834,0.2792552751914408,-0.5355757869771897,2.096299617028059,-1.916330272643609,-2.9169389183357626,-0.7419506911858054,2.018623121834353,1.4592191711441926,1
1.7671645540415921,0.2604009939450998,0.21490735814768155,1.2648034359238403,0.29906628165146865,-2.4206108861645257,-1.4027920760329582,1.8275947852432173,0.9044508984147644,-0.08618941386177513,1
-0.08710251936506697,0.05590293749169443,-0.6713792612783476,-2.2898874512540504,1.1139689611372277,-0.2519981934620118,-0.40019121630382337,0.19946218378429703,-2.5065852463054927,-0.08574462080315047,1
0.24136483467025927,-0.35434969117087306,1.1836793059465567,1.1493589206410553,0.100363813354853,-1.1650381935971539,-0.7910478477559112,0.37948037241914057,-1.171051267016039,0.31918363848607995,0
0.7091192780402973,0.21815286346761287,0.255741385711922,1.3316317643719255,1.0764431285809257,-1.242615421952759,-2.239039495920849,-1.528302450358378,-0.054921420982803774,-0.8828250411745122,1
1.0247382320716394,-0.2519198714865166,-1.3126046981311892,0.20930208139013065,-3.717890071297529,-0.42225068411970423,1.4169256397722703,1.675917502802375,-0.5931207005915403,-0.005497989538525006,0
-1.3931021673890531,-0.3512382884698915,2.191019050375916,0.9384680063316545,0.16390085368155838,1.4226058053835333,0.6616198632230329,-1.3424310529804115,-2.023578892977875,0.8311259092807115,0
2.025221606287479,1.6613307266505573,-0.05649104958624451,-0.21803503946356,1.7933049660038463,-0.6756235353237743,-1.556653199187295,-0.11651994955037326,0.7006744328202209,2.9299433071907703,1
3.4976825183997935,1.258633678593943,-0.7221061877213059,0.10030336997930916,0.886436042605645,-3.3558638678676265,-1.2631317078248574,4.538281762406939,-0.6814244199584047,-0.08914972638577821,0
1.908906218235853,0.6450180679124189,-0.6756974206049972,-0.6844911507394167,-0.0589608216415235,-1.7444344431542458,-1.8697406478166647,-0.2126051126708286,0.33696660284812896,0.14044930741364303,0
2.971464004170657,0.9745293677889815,-0.3186760000279508,-0.027421061926619212,-0.04730236215366579,-2.7163418955743945,-1.4436057261259618,2.4979280120072866,0.6128577028413501,0.975812061549251,0
2.561522235289048,0.45421050095398596,0.29916695812623095,-1.6401870613326397,0.08338735093049732,-3.22603514815502,-2.4222279738348513,1.2889700796981614,0.33356806445453935,-0.15478852243496097,1
-2.5399421377898577,-0.8950044978519861,0.13298062642042557,-0.9712927098487616,2.4828290790538685,1.0560738383601103,-0.5841233709197278,-2.35385385186309,1.7825440699854447,-0.2854756309711052,0
0.842040769283022,0.3907501432196033,0.16273717799493645,-1.0089601916628639,0.13810252544746227,-0.622494923787138,-0.7194948938775565,-0.019273485987251426,-0.4094728497339285,0.7859157978541049,1
2.3199532656988624,0.4743335753736043,0.7905478625718788,0.33516299038427644,0.490273013679164,-2.9600621005097043,-1.9281565816612587,1.9647151873212327,0.05314274577110511,-0.5854799670044015,1
0.19639990395338414,-0.0755424486404182,-0.6414256318203627,-1.1855359749676568,1.0092933760757246,-1.0013873042788373,-2.169552504269357,-2.006232661559637,-0.4699228790173455,-1.030817028690452,1
-3.090977580810078,-1.3073553659387398,-1.6111392698161089,-1.399379298560809,2.770485914727291,0.9521193946793807,-0.8176199973835676,-2.7137735965157033,0.05982744942040051,1.4210838358590316,0
0.8018247550215754,0.9521888904325314,-0.18944469577891407,-0.10033542735085699,-1.4283344330710008,1.3492954573152094,1.5416955825284138,0.47036068735654846,1.5031238458338219,-0.16187635258740837,0
1.1210920543827005,0.47789370070947573,0.16240714862312355,-1.0701994064548683,1.0281246630981273,-1.2904902571834223,-1.2521261685423062,0.5733188585103532,-0.035882800129620744,0.6516534335322999,1
-1.1480079249307225,0.1958369138061767,-1.0393739199030154,0.7158871172997449,1.7402922195206192,1.4843095038017902,1.161016921808327,0.5071812402057494,-0.39746187066113225,0.3462886643389921,1
0.8674562262203971,0.7050843755770896,0.20060486158471613,1.442938540243501,1.049824156526953,-0.43905849168804323,-0.970853841571938,-0.250020134323095,0.6903982635770065,0.41581811246655326,1
0.9955150242357895,0.6287822266356206,-1.6877083324231916,-2.086824290176187,0.703352564273773,-0.6623544900939404,-1.3751869689358083,-0.8312872599980012,1.0726613038061499,0.5768037926203716,1
0.4262630488366915,-0.1618769045877771,0.35815125146767296,0.7610625123627562,-1.8993023641219837,-0.11417815638932594,1.0484771985327084,1.2847044037946715,-0.10191691469649405,0.60214257042207,0
0.9102165886572674,-0.10508580640051972,-0.931755173006136,-0.8584343962956565,-1.46584750984529,-0.9743472233126386,0.32824077805824264,1.634050394184627,0.05914389480744402,-0.6835892097499061,0
1.6322996275532105,0.6467757432868207,0.21305134693056899,0.6293528190725457,0.632502742830215,-1.630742948049334,-2.289553498092684,-0.9111236833484672,0.6811245146225473,1.54497544841591,1
-0.5067582808116589,0.151897680969514,-1.077010371896919,1.8746567899453785,1.3977890953682854,0.48140141693305083,-0.1443914513905559,-0.4190360573461026,-0.5949607244924195,0.9030323408049605,0
-1.8019567081464753,-1.0221618568766264,-0.31578267423923295,-0.053952259151096395,1.4041117234187235,0.12745715574166439,-0.46922456310890376,-1.0500057275833556,1.3938537033753478,0.3276109140115638,0
-1.883563305943881,-0.2770122084847941,-1.0559431950536395,-1.0158275966019938,2.450475864925365,1.2953148799411456,-0.3907353616850473,-2.0845845847708833,-1.1579194825910628,1.4593474359171905,0
1.4056598374191946,0.40322681379279995,0.5713251573211945,-0.9287907247885968,1.383366452710339,-2.1303999012054886,-3.116275212942648,-1.4201174789451763,-1.1608535822405293,0.3802156493764872,1
-3.4466512196777264,-1.8172042218514022,-1.4786788130981883,-1.3633974296837792,1.9374533458510133,0.8574487056154703,-0.5543196400063274,-2.6859812705154367,0.22314627997152647,-0.1204347855859504,0
-0.6691613885505401,-0.795238584891044,0.9776816452059008,0.5848326301947757,-3.6017131771697146,1.075641643757686,1.5409919056047927,-0.9579183232284665,-0.1168889641288628,1.0583597575483137,0
1.663926995619902,0.30181184112838205,1.1671715963244271,0.324298527381809,-1.1985840036590913,-1.4837351437028035,-0.4025261434991245,1.4605671712336785,1.5746876868591309,0.5433491453877874,0
1.6674357221985963,1.3511636160803415,0.8207015665926796,-0.05734592336594276,2.6208158074917822,-1.1348379192151918,-2.327685444830663,-0.5910102630644526,0.7188609865192956,-0.2634502622793885,1
0.12767529861325289,0.32593082369729737,-0.6653780750851748,-0.0831739066863678,1.1431451242964734,-0.09919778932686574,-1.1680733528652028,-1.3889694146572127,1.0869690461123636,-0.18488736097163613,1
4.520183495453071,3.0261728232078933,-1.6374524719027297,-1.4556660786064615,4.038870017752008,-2.906781876205192,-3.9275743713110667,0.9760699367347365,-0.7090763473128161,0.8980348309359238,1
1.3720710696023295,0.514380230764784,-0.6799528918396169,-0.8900858383724443,1.0366081338902176,-1.6665880618902627,-2.325234905047794,-0.8077028230168102,-0.5566468494284679,0.26480682436562847,1
-2.4868851461826598,-0.4489168951326829,1.4198737788490468,-2.0795531739706936,2.509986345787376,1.8697471363739733,-0.2398298575379941,-2.8695191471458488,1.6033057194727773,-0.4875038621803918,0
1.9135045006646765,0.7758900187440659,-0.9797946502644935,-0.1274208141103039,0.16912890415963633,-1.587218323968481,-1.8478500181700692,-0.2747668446053413,-0.1466530483991656,0.550055866197986,1
2.0131756606512754,0.3480909848820553,-1.0005462454571283,0.03840929569775952,-1.538160679275494,-1.7669740496687996,-0.020297242134769328,2.5674632571129115,-0.21065888645988276,-0.6331177204216684,0
-1.290591200453406,-0.8287056976856593,-1.1727659179538035,-1.5634274270159496,0.08373575156048563,0.3229572002604193,0.22032625981510215,-0.5513465888016201,-0.243182098564149,-0.933515355700943,0
2.309993772375693,1.4245030216313663,0.2370032034707966,0.4401866888435811,2.494309432981342,-1.9692823249408542,-3.076661900726285,-0.5830231124853492,-0.48226860907248903,-0.7748545662105145,1
4.5551035311130725,1.4857849465217965,-0.6920656816279366,0.012656338180860715,0.9523725446596363,-4.685789740414144,-3.476750625313214,2.7665449994911966,0.18822490935746589,-0.48213381102752123,1
-0.7325977699398405,0.24313952825735097,0.23787739170856542,1.0691360143149125,1.1401827868439443,1.1428193857672155,0.22099927414446296,-0.9441028117543783,-1.6369580822415486,-0.9721765686862724,0
-1.1102876873110448,-0.3693265899496176,0.41562678784367174,0.4786266205797563,1.6988125821760172,0.232307389878877,-0.4476824193477391,-0.7107224780928084,-0.943085201030964,-0.37997220742733956,0
0.6461313447213836,0.01615296624585682,-0.15643207822532315,2.353478450318488,-0.7348981518519248,-0.6267184456221795,0.5183734790964566,1.7801281886823364,1.3292569980875326,-0.4770422918051335,0
-0.2621929463431102,0.07524094627150332,0.3583392124409684,1.772403068112171,-0.7391915700533465,0.9229559211720255,0.9505721520352559,-0.08179435276314528,0.7655828113220949,0.16040280060301693,0
2.8790498740717494,1.2909878745122694,-0.4821448212292136,0.9321914867589551,-2.0875247967249475,-1.0374779149669586,-0.8655408118356527,-0.07999570962786184,0.8138123746203546,0.12524509550905155,1
1.6587046984033629,0.4589647532070875,0.9929635583776784,-1.410889170098735,0.03420881613959814,-1.7273367716836519,-1.1016212648173025,1.177350985471274,-0.09444777155744587,-0.12713977758279588,1
1.5890555413656648,0.15584604606890012,-1.162485440710022,-0.10916181361459523,-1.0245940704222671,-1.7369577539582617,-0.47157280672036245,1.7719057739803943,-0.16479951708360632,-0.7301143252645595,0
1.9234733234913615,0.6543050263135801,0.542698503976382,1.417124231466626,-0.3793687613816603,-1.59207877230673,-1.506112232365061,0.08159852548258817,0.029271367492529513,0.7021224934651835,0
1.8019576500975991,0.7792672170753112,2.8786143608577097,1.2534130498796268,1.085413481420854,-1.8240527116397058,-2.299443128191998,-0.3172622062127939,1.934577373140125,-0.21688815502363112,1
-1.483965913172376,-0.19415103412921594,1.089586059603065,-2.34069545442472,2.452915707193199,0.8323387796502673,-0.5435003434797797,-1.5193192058061418,0.09493777272498506,1.0799720142164426,0
-1.9052102110888929,-1.3508125992112037,-1.2832815098710948,0.7604556888391099,0.2781503095802911,0.14622199686063153,0.1312421548117865,-0.6059403364184504,-1.5478492529207126,-0.024545015472050284,0
0.3217348643603988,0.2460720301957489,-1.3506603955671947,-1.6991349367196409,0.49580072258153474,-0.2855517835337862,-1.2419875710959412,-1.5352953118476838,-1.989405944139823,-1.3908827708287228,1
-0.5233497024684601,0.2673210962801243,-0.5001547943121103,-0.4271981780850356,1.1207301060491013,0.8703514915245288,0.12925736323796916,-0.6374935977468068,-0.3633789334299216,0.002192793725132476,0
1.1554061668265148,-0.06862059852166931,0.47704279053830684,0.3792837866547407,-3.5678154782671636,-0.2886470570955866,2.081474553215467,2.8855464085329903,-0.12208271646263734,0.0275176037902863,0
-0.45993715213999864,-0.1884255553726893,-0.47877838762236774,-0.49775172597796374,-1.6650033755265317,1.1237158035881243,1.3949005737737052,-0.13394379312601723,0.45546554661754013,-0.5790215340016645,1
1.8329857056191219,1.1898049508030601,-0.8148003732292322,1.0229710931589062,2.2661585109229696,-1.5669950212999257,-2.4404954316131255,-0.29344391132973247,2.0603061077631954,1.1645484723013864,1
-0.8597991558603206,-0.6436760196718067,0.033057919549175495,3.116595934741284,2.7446292226594053,-1.2056914530760543,-1.4892170830601676,0.1309900477639736,-0.3705136038756506,-0.28116961481905567,0
-0.024550078238445572,0.8146016663742809,-1.0795455718861031,0.32966355212182546,0.9438435288290813,1.2808576917000751,0.4400647638867879,-0.5456705781758486,1.4074202377752962,-0.08828420109727339,0
-1.356888237989488,-0.13162670004755864,0.17737227108357503,0.37664071814735745,1.5255478848724717,1.1858922396392237,-0.003668646482616523,-1.4816720033021598,0.06851416634810689,-2.892475983324775,0
-0.6777054560251381,-0.7333317841404757,-0.6455917678527329,-0.9536347869505404,1.4765258747721002,-1.031675591211575,0.2522635527149627,2.563288500478528,-1.1973443715716416,1.0730058222841847,1
0.7398018445310703,-0.08012253676398075,0.9331879547226406,1.1391796860770365,-3.2763742561756555,0.1957601539405187,1.859005159699462,1.7297937329341613,2.127478199369661,-0.363793828185114,0
1.9690739671807471,0.4352922174724251,-1.2851995688618898,0.24729827927656492,-2.418319194278882,-1.0969670751992981,0.9434962532906136,2.8992400181743814,-0.8805991816743529,1.6209216216510434,0
0.6097712419730124,0.5869749516795338,-0.6870257720350886,-1.0985326379917377,-1.3544153217789807,0.852105939251093,0.8773705510225807,-0.09764873350924397,0.7945516541541185,0.05748084469527855,1
1.7041884140476304,1.0921780430014791,-0.3765888559290398,-1.9833003065286465,1.4829282084781155,-1.1543848521707833,-1.0684411569136651,1.220437299353941,-1.155183017322701,-0.9006836340255024,1
-0.2678120304644418,0.48982996254078737,0.9342726384101048,-0.8188960626095779,-1.3200345957841177,2.0460722140664673,1.6904489970651795,-0.6680008905695225,-0.43249714173087334,-1.0791294247329266,0
-2.487095809485539,-1.165602721389445,0.44522463970126025,0.036803446084939795,1.4929188268951266,0.8761154257993466,-0.25616990627528724,-1.9931748252922743,-0.6185041206434815,0.3191904762289036,0
1.1796104288618672,1.1042507934022805,-0.47706046199041,-0.3911791834821524,0.4593909671275097,0.10820517601946555,-1.3138404432364001,-1.920891654811141,-0.821492095074529,-1.2883217861965124,1
0.005505464114789249,-0.07462721227497406,-1.6947293360014275,-0.897049659979383,0.07506650391963765,-0.2447576306566558,-1.0523117105160833,-1.601819885624105,1.3267291776921497,1.4534654262137998,1
-1.2874886814145925,-0.6202729611941256,1.342348753394509,-0.444920544625227,0.661625743583869,0.4315184192424504,-0.818612184577397,-2.3721090026466505,0.41956280803667045,-0.02760880941375018,1
-1.5171907257272859,-0.32915425354677713,-0.2187312667768767,0.7177055192206043,0.7615956874749059,1.38819117824778,0.3843721463979878,-1.5371531260595395,0.3976310557362146,0.8844030083061665,0
1.4741136506714327,0.9107412289216031,0.09032824541509683,0.29423476151344,1.2863612788825505,-1.117281146878499,-1.8652987098087714,-0.5636017324461092,0.2671717833361807,0.3195536959377111,1
0.8209403333423974,0.5711506581031417,0.20916809218879195,-1.7536100711366207,0.7006210015530772,-0.49470389769773104,-1.1674425598225406,-0.7582687413323916,1.39303379545205,0.44294544679960396,1
1.915654883307922,0.5885882672205218,-0.9802682792316179,-0.5024270234898112,0.6510034937825047,-2.1832715014623476,-2.0907865902833502,0.41952182794862025,0.3981807572321427,0.4482731343761749,0
1.8234646386904476,0.365187831347798,1.0784236623809458,0.10346671869728973,-0.5079376278147409,-1.9132044316966605,-0.643781373740592,2.0930725397056555,-0.45577435576715625,-0.3411944615592143,0
-0.13507503396803244,0.8416685435212291,-0.5710368489828994,-2.5748146386145887,1.3733439840562531,1.2823692297772564,-0.3146686524594592,-1.7948795147075916,0.9028456322689564,-0.6330722447076879,1
0.5748661099248024,0.5421333756429837,-0.37082246405236885,0.5971926006972413,0.24510326420103679,0.09795111514013399,0.24242240756272787,0.6949531102876174,1.698653568209917,-1.1668239796175803,1
-0.7749488554731621,-0.6543204266853035,-0.04123149622685519,0.03018816608150195,-0.38824118340049996,0.02314965155308557,-0.748145967694267,-2.0052503050495245,0.119607946658415,-1.257832204349036,1
-0.20901868379666344,-0.5163983673756853,-0.6442203406692169,-0.06730127103950355,-2.230213556941118,0.32952349162039374,1.5144666902648454,1.0637672617313334,-1.116364645780048,0.22358575816942008,0
-1.1505986224421545,-0.3972806167917301,0.6131590562087021,-0.3886835779186099,0.44163961456374234,0.8171058805756508,0.30085890756841044,-0.8734735764612901,-0.6169027565806753,1.1836193967335342,0
0.6051662165444164,0.017788321455714826,-0.06040744947693655,-0.21742094338414583,1.9502007266313224,-1.77579498925596,-0.7211145135465846,2.612352301023974,-0.45916175988288727,-0.3482652945818192,1
-0.09967737934255116,-0.14003286045116226,0.2940715286933189,0.06267214873708216,-0.04825979890211296,-0.15327960105405047,-0.9367440178952062,-1.630294208558389,-1.2897367529195856,-0.6881173875834048,1
3.473651384390063,1.285646414687751,1.3950823892981463,-0.5148805767960924,0.24602655132752316,-3.0502278869701054,-2.403932996453903,1.5343365399954307,0.10855840828431527,0.42395910165736916,1
-0.4865203248653165,-0.24011192687893432,-0.7469662568580626,0.3707490884011734,1.1926192658362582,-0.33358525643199244,-1.8571771480561454,-2.58533033233228,0.15491674424746654,-1.4391521689806468,1
0.9545119277521789,0.5199069151645944,-0.9474646304672328,-0.8629668781975145,0.9254624206317786,-0.8752515543673738,-0.6926487128574282,0.8971324463979836,0.6727024604759855,0.4559291124048745,1
-0.13606817488074818,0.5128076203038093,-1.1622871646355102,-0.25300958165079357,2.83491080996338,0.012618647795876292,-0.10944666143694941,1.3068845090689754,1.0186763321766354,-1.560700814498229,1
-0.2471651192849026,-0.039849392765039626,-0.601465363654871,-0.808993825290496,1.1013774292707785,-0.18337506353825384,-0.2831093151429748,0.24715278522570694,0.37830111027941704,-0.6797304396887561,0
1.060602828676754,0.45093205365552735,0.32330733635084574,2.162477136072607,-0.34493717108913335,-0.640757168134853,-0.8458259646471434,-0.41341508548463324,-1.2099783006517348,1.1611921866929111,1
1.8071507382631862,1.172954120263576,-0.7608558637844265,-2.4077938772281837,1.536347891062329,-1.2147308333305915,-1.8107685950115586,-0.0350442732163363,0.8353141906620042,-0.5353512822515833,1
-1.0605582899135004,-0.049622606921659894,-0.5572853047347307,0.84117824090552,-0.10026710713275233,1.6347122756508141,0.9043679786482929,-1.2037922233406626,-1.1750192985013912,1.5833007286058605,0
2.533228662126558,0.7031061185371003,0.003686070503268758,-2.1602302490569563,-1.1699416024217921,-2.0908829946147094,-1.3190964330552206,0.9918598015061341,-1.3500855963040617,-0.9565575223506068,0
-1.1012117067280178,-0.40912448554520864,0.4056375863609554,-1.3876262894368898,1.5764148403358322,0.19279436858767618,-0.42014611177314254,-0.6642403264607877,0.6212215511738317,-0.9586102665479702,0
1.9695687641767923,0.49643216214509533,-1.4880074738071296,0.09885210652320905,-0.8303082478642665,-1.7328023683112486,-0.511745924393887,1.9568728150242036,-1.8015086741699926,-0.6881774261062127,0
1.5068626824994023,0.42939672059370343,-1.5719386220975116,1.6118907495026413,-0.5795494209667673,-1.2857649038422791,-1.0590078473538815,0.1936992698118113,-0.6912112315000606,2.3140231381944716,0
-0.3603794978637165,-0.40419298756691685,0.5777761598857365,0.24422402333472895,-0.08743994553015155,-0.27344396715047914,-1.206756821828241,-2.098161789684828,-0.7977535830914614,-0.6312782341456238,1
0.8350585313676843,0.16236815088646414,-0.9436088366456736,-1.1674678827357599,-0.889181344115641,-0.6102313269111337,-0.40418833140620913,-0.014762124946008148,-0.08528014641447941,-0.763741277429818,0
-0.37735819768686096,0.6267562133556824,-0.3216064879280758,-0.5319019732879519,1.1154164797622297,1.3762637133208115,0.3799677548524178,-0.8534053306296554,1.1867580117884329,-0.9962157540329297,0
-1.400812221976944,-0.11717128800268084,-0.8986506425436445,0.6449501578888385,1.69635248719776,1.2066204039089103,-0.059819437160952865,-1.5422386961568462,-2.9154334570606295,0.6395890935800224,0
1.5730294038094916,1.2429053552162241,-0.5066338661299797,1.6386960233734933,1.4071964677348683,-0.6222040137931268,-1.1449270228809973,0.1850926872472165,-1.965370002017799,-0.28672641002553817,1
0.3840411342463276,-0.3092862780602225,0.15345642518358615,-0.5273045471142517,-1.8526554294158597,-0.38291249238637515,0.6629237493274267,0.9565610875390376,0.8912725733359108,0.5666698826645921,0
2.1887409499348567,0.7063115124961575,0.6471346783810497,1.1874575868088486,-0.27461038651832215,-1.9130981635558078,-0.9124074703530559,1.8631534395311293,0.37997898451871354,0.18769945563411933,0
-0.7945336760566174,0.06801807964884285,-0.16896575432581343,1.8823732026664273,1.0442927154659285,0.9269006240200346,0.14850932605285938,-0.8409708278694319,-0.2729190167896772,-0.11696671428622288,0
-1.516948476009265,-0.4619159341955089,-0.2865399281631106,-1.415990798837388,1.6991761753625902,0.6843846347259536,-0.3186175342169152,-1.3064235691152053,-1.515465292282139,-0.6991805786579379,0
0.44473264866543716,-0.11966908328763876,0.28104609719180973,-2.0401348413442886,0.051415736789631294,-0.9861191337550944,-0.6936913132148017,0.356637538832429,-1.092947849560266,-1.3521879615713317,0
-1.8622638870738015,-0.9468017444801732,0.9610399329865223,-0.6224979917220962,2.268829895338049,-0.021886775783390933,-0.8968924938764348,-1.1845499999123263,-0.008804868093326562,0.38917544743032106,0
-0.9955311592057366,0.13213946313711908,0.10756544983921877,-0.09927639944287328,0.03100948853123542,1.8426673912999139,0.953063234085079,-1.3193773751201734,-1.0448882515086801,-1.1646121091635695,0
0.168783115809777,0.3813802616107943,-0.7760240181504421,0.2919662480990605,0.8578611400493175,0.12004394235329974,-0.21377789907211953,-0.03500595713323751,-0.6173446003680495,-0.7127433451135509,1
1.38698817778197,0.7237798925914652,-1.1788849526356469,0.6396610907287932,0.8415147808207419,-1.1542995232429876,-1.6724862451626215,-0.4262466281048597,-0.657311639931306,0.9915161179683345,1
0.38277566881761427,-0.19398958930138305,-0.8801633060919368,0.17357813800416522,-2.0982568871665612,-0.044939606329762904,0.6795426845138866,0.34695410916927716,-0.4251132042641284,-1.6602702517552734,0
1.1324254196595647,1.063218124667881,-1.6686729627061325,0.409836126040038,0.8955703331980862,-0.06575593295393256,-0.9011324684019562,-0.6483355178672208,-1.9258119444833082,1.3617079563242107,1
-0.58737597262868,0.27724152848604083,-0.7917933727605747,1.0281390221774325,1.5461875304202506,0.795609821254837,-0.0876189890752074,-0.7284879795871524,0.4730683051212922,1.0211224015532463,0
-1.2476081616879484,-0.33903071601820356,0.07695483269792742,0.3326286075439871,1.56665252310794,0.572329080221226,-0.25309553262419393,-0.9764646266004904,-1.3822463229964403,-1.5944574438183796,0
2.6071282811589978,1.2875702074580426,0.21283185318621156,-0.20143450496389545,1.951450658235248,-2.4764258778697927,-3.1984377045048915,-0.24173218171490707,-0.052856656773646184,-0.5300362915288678,1
0.21094175828612605,0.3746320490211842,0.05826005793398712,-0.9127210568096369,1.998443089636886,-0.45686632313878417,-0.39149105673864176,1.141915926480478,0.7491628679200198,-0.15649334248047614,1
-0.9104418139487136,0.2753598097557039,-0.8398898708145134,0.12813658121724078,0.6244054708267228,1.7268091996590103,0.6620669113708504,-1.334270012317394,-0.48857866827985447,0.7665046846648497,0
0.6149321594612378,0.9621060122272419,-0.7800049730117448,1.054268246295793,0.019587066844317436,0.9980515274855023,0.778743249076888,0.2702736319907426,-0.36628034034125373,-0.5468160292988796,0
0.6135460341106718,0.31029470368421624,-0.10100751811745745,-0.6666124410508005,0.9343309250694383,-0.8288243370231776,-1.8373881276918007,-1.496377920725937,0.27837954003760534,0.9481283140800782,1
0.8882185976857389,-0.10209579616370981,-0.6066349057878381,-2.1113099209635107,0.04257014290419181,-1.6356108524452502,-0.7165456062059214,1.4596453858079352,1.2404288140638733,0.5096666460373768,1
2.482623387351574,1.6237250907393375,-0.07671047852421835,-0.8858097608653713,1.6643810075562708,-1.4117651557773043,-1.7038654532147104,0.8162367417097192,0.8742467180194986,0.783417567013559,1
0.27532992232170517,1.242313641863928,0.01731179889432279,0.44389804370450525,0.8147540686021024,1.7400566175326824,0.7390776081519205,-0.6050386462787405,-0.3689838586727526,-0.8237796350861102,0
0.055526017379268655,0.171016621885334,1.4623765400122646,1.5294450276860536,1.2320698458744765,-0.29111153659281763,-0.34377749175430605,0.49128637208665693,0.12338591991524298,-0.3451885305706146,0
0.7550886705648043,0.45531002158036826,0.24896119478827852,0.4759389881877543,0.370080831433818,-0.47903352922062636,-1.1111334345451318,-0.8870640186887491,-1.2756924677931407,-0.13612986096000165,1
0.5761560262257585,-0.18391275773822413,-1.8287789088250312,-0.2524518675887952,0.05975825814341462,-1.3211904627142266,-0.6895135735679927,0.9227876290985448,0.7733711606011915,-0.07237856534700325,0
1.6955478506805313,-0.17945809560400758,0.21582202168693854,-0.6237882189410842,2.394002025607584,-4.149347946088992,-2.6383052569009733,3.1858993704335288,0.3472834410433894,0.7753060414149321,1
1.6768315892527874,0.3687604070516173,0.21982003758810018,0.5332442397330935,-1.2455319981908208,-1.3347424103575158,-0.10963857605335345,1.7774521091648618,-1.3593610004796788,-0.5002060059502679,0
0.4733320752245065,-0.42413156700160703,1.573866057009625,-0.1205727666744824,-1.921947976032445,-0.7408987750810212,0.275360934256077,0.7472008600923192,0.19860357289402086,-0.116105429813861,0
2.090950379984373,1.1124651896163085,1.4619547638040638,-0.24065773434852872,2.2088996680232675,-2.1347800479685506,-3.172449462009497,-0.7714118664619027,3.3165017897282087,-0.1971959917957767,1
0.11327885100234947,-0.09746426996517997,-0.4493967264074629,0.9650173587062516,0.7958627664155461,-0.7353926303705511,-0.466165839974227,0.6978163930736079,-0.8254977621693954,0.1594860251846485,1
2.088325334237121,0.4846358776890665,1.2023704638028156,-0.1361732232877293,-0.607607232847012,-2.0022058376581637,0.1272008480687407,3.7531140001464243,0.18477528978977306,0.7298708326109408,0
1.7545818359300198,0.7909588040683998,-0.8179340046080749,0.019252070287613922,1.212726986998956,-1.7910113913355066,-2.4729469747602253,-0.6462183210331105,-0.8699177955645113,-0.5944192968258377,1
0.16143441903344435,0.020831750294274094,-2.4241652961644813,0.1293500822381155,0.10083118644652034,-0.3010458553934311,-0.9378225212238191,-1.21976867365721,0.6651505697867177,-0.4415535703751524,1
2.0148829617957142,0.6483596945841256,0.20222138166196435,-1.4734738026209255,-1.032897335338256,-1.412994454867424,-0.5065460061170453,1.3960714162386285,1.45735654375912,0.4758758874312569,0
-2.1866187243091195,-1.4760068073803432,-2.241925907469624,0.31607531604163375,-2.0995368932397813,1.4646976829939553,2.285290679269314,0.09508445233031271,-0.5578064703876319,1.1807771250169523,0
-0.9847280625480894,0.1486132082568563,0.5759662739835746,0.4909286567551528,0.2714720109627916,1.773163092536707,1.2851462971049028,-0.4419774485856276,-1.0730981887090811,1.7263612699843334,1
1.0353924314913312,0.8018372094904461,-1.3597859454298882,1.3177954481681842,-0.08563439881145629,0.03837184857811349,0.135609149445598,0.5860880163619338,-0.13863150480516034,0.1562613406986296,1
0.2312358266870128,-0.21824407630196985,0.18813559356644177,1.345718203237703,-3.546537763266866,0.8226456968309266,1.8313256011791224,0.38007470139569344,-0.49453959029525435,0.19630630958854323,0
-0.8822370350149051,-0.10692039060983531,0.6191887558323459,0.20190372244858093,0.6991029098950701,0.8393329847941673,-0.2815200260015546,-1.762653257173402,-0.23757285014247423,1.3676011580475298,1
0.7607508011701356,1.1552944303281225,1.1361986083852287,0.10896215415229388,-0.8524132755675682,1.5644966663409599,1.4162726979150193,0.2166744158329792,-0.49763786039387253,1.1378629298192298,0
0.053951608283662855,0.8859151777931891,-0.8722234972696384,0.17288428254351995,2.540473979265302,0.5724725574814655,-0.41114044604338396,-0.18863382538323337,-1.0191811774315236,0.4447206556412095,1
1.8590825094672307,0.7645088135910166,0.0029821086829005597,0.2948343917791996,0.6501486856379814,-1.7389274346541728,-1.9848019958424303,-0.0633223934291347,0.5788387579770795,0.0792479250103044,1
0.14212627473409956,-0.38238864146380386,-1.477668829011958,0.06071319384616804,1.38276701602189,-1.6099999485310552,-0.6621395194906083,1.96646182100904,-0.22586969246090316,-0.6000936917794559,1
0.18192696956201593,-0.32349881501951644,-0.7750787379538775,-2.8740065035564735,0.03917842824024276,-0.9531459114650297,-0.18039897316160686,1.1716716731988117,-0.18176530067335933,1.330406355846212,0
0.5107043587155022,0.2991827704323893,-0.3722492399622379,0.12129360526463992,-0.41621697615886166,-0.031914425429274584,-0.2960821189854001,-0.5386856623020908,0.31838664201068334,0.3434054346113012,1
-1.152684893566586,-0.38371470134935176,0.5988961479714644,1.2129015320890042,0.9715100640241787,0.6043196274475624,-0.0035881462286211324,-0.841875252147037,-1.1972313127718173,-1.9230394170180265,0
1.0775774444777901,0.33886794364808903,-0.9976409120076422,-0.42433468813489683,-0.07331282790593407,-1.0288949812848176,-1.264598855624273,-0.47632382809080565,-0.7014672090304543,0.22445673295118512,1
3.0363992964582422,1.0624441595058283,1.3214667440808414,-0.16311109696768641,0.8997731656401076,-3.0854595742876842,-2.1657675404750107,2.226303549712575,-0.571582434064672,0.5978381205767987,0
0.7468637800404111,-0.24958863571897844,-0.17574830605756753,-0.11618925067320696,-0.3346929633957819,-1.5327831230064872,-0.40769230504852816,1.6259002601006871,0.35287349208791846,-1.4267691412575938,0
-1.6996744346740804,0.38066286265789606,-0.17539478287743596,1.294192291345408,1.3616377372115283,2.8482693564182053,0.7503840840475553,-2.749945208187569,-2.4936452006470957,-1.7363553767909956,0
2.610649576042299,0.9164930962170798,0.9241686245124038,0.3269069844982357,0.5584181105137092,-2.5492349939116865,-1.7601737699692879,1.8338884474378547,1.8256975904824315,-1.7094557224026996,0
0.2848916172699213,0.3691416924325823,0.8966140765804289,1.1168282286277544,0.3698159604313147,0.10880816232989443,-0.5202553153610617,-0.8293567667683128,0.8767189353174201,2.042542462890711,1
0.976202570347224,0.7328809028482514,-0.8515122585352677,-0.26430764157676045,1.8041885643289026,-0.9318098131130632,-2.0448181273295587,-1.099701484613986,-0.3886606180645324,-0.21282646442618716,1
0.043846651493366307,-0.415214636159559,2.216619158870151,1.0929001359074706,0.7569208596686785,-1.2672886535031587,-0.8967348530904791,0.6158774591271188,-0.6711764768279259,0.9604786305230516,0
-1.2051206596982178,-0.6919946959482395,0.4204017836166076,2.075138829928496,1.3861846330297944,-0.13290421752397608,-0.5003581520483235,-0.4829794861387344,0.6543757198209965,-1.9871941182534016,0
0.10822735165820496,-0.26811315861691853,-0.26502331189021194,0.7502110763492633,1.409986486619184,-1.377900909496857,-1.3592260497430413,0.29038469215414575,-1.7037947768279156,0.15620366960274265,0
-0.11036329756007068,0.6773103226424507,-0.6459658706995048,1.1919545747982518,-0.7397105085332907,1.9123037590752971,1.4061261756976227,-0.6206263145215487,-0.1372692908220401,-2.3039761272127675,0
0.860974590451512,0.2965783229857982,0.6203397357471887,-0.10370221826164971,-1.227126473091146,-0.21498041243632326,0.033398921641769067,0.05417650258402851,0.8227262089472382,-0.8407617742702687,1
-0.7602932393135751,0.03141471499178723,-0.4957709987450943,-0.509046152491975,1.4680486206594943,0.6040101741122494,-0.1419698332670212,-0.6632487513646871,-0.049154703747678385,1.262246894044131,0
0.3997705737859488,0.2665877916441652,-0.8253365635362108,-0.7392367837401483,0.8414847362684291,-0.5325335711922301,-1.600681817354732,-1.6264132321424,0.7980258593835476,-0.6489070145755472,1
-0.8138640766891435,0.18146354030407727,0.13781588704039102,0.09039016225970543,0.207881097443814,1.5741540796521098,0.7704317899451648,-1.093594886853047,-0.9113138002604161,-0.432064796044923,0
-0.0956160026874725,0.4490343583919354,-2.0144971045406295,0.3214892890448687,1.3576326049501293,0.4571888343583842,-0.08463165865948755,-0.11976208260212162,-0.8186087955115735,1.7002829732637623,0
0.5477827933099799,-0.29313649370375394,0.08191672266357383,-1.9667894565237956,1.066998674509324,-2.067455644531816,-3.3704954746126283,-2.5351826558214463,-0.2057093245323239,-0.3237139271324366,1
0.6437728797899327,-0.9233831853843436,0.8922744264945855,1.1204511472241119,1.3753614352310817,-3.5342059604803655,-2.0232876953268404,2.434614563283861,0.4176222621289428,1.965329955898566,1
1.5765126218923213,1.103160212108796,0.21115352976554613,2.503258531830919,2.4009693368562743,-1.3516145668701567,-1.5161379149873169,1.120703261367149,-1.695902088788701,0.8426508896132522,1
1.123629527781769,0.0831002435575896,0.5041318835470792,1.0911341976689521,-1.4067615544031862,-0.9975467564570408,-0.479925197091561,0.24678651840845622,-1.0495194657182727,-1.045765709123271,0
-2.5655467072893416,-0.4603151634977267,0.7465282256291432,-0.9107112653596242,1.5361470949741993,2.4909292514319814,1.7536939072851039,-0.5647559287646033,-0.9608237702634117,-0.7427055456632118,1
-0.16257358273844846,0.19191253560636962,-1.2755981387811917,0.27447277572394857,0.013995078058818944,0.65746769731417,0.5509587064922543,0.014236757149555856,0.1968808433426282,-0.3626851601149151,0
3.0114712883785435,1.2009453429840498,-0.28811954146891233,1.2179730214387052,-0.4882142824652175,-2.1184737670473264,-1.0731023899152792,2.085254697499993,0.9101843210763658,-0.399625756394522,0
2.3549627542423774,1.0305696834966658,0.5332135500560866,-0.23974734317021953,1.2706205560190544,-2.202685493415805,-1.223863590204409,2.6359414955014167,0.6086913639384911,-0.140712642019966,1
-0.2342271940035454,-0.04166236700211185,-1.0707230363401083,-0.9493392532441969,1.8390499172302963,-0.5203287738127222,-0.22901036104420258,1.2714811480405466,0.22668238752946243,-0.09687115096233735,1
0.1820400028064415,1.2050307043654813,-0.6559615806167803,-0.26326297315327885,0.5805940309634496,1.9194297686329,0.9070186160064693,-0.7215096936169805,-0.42779422987083277,1.7667090994342507,0
1.408198872266854,0.8818516824187148,0.6211813090877804,0.7766043404939664,1.2198224150024999,-1.0414738214249277,-1.812600596429264,-0.6405993580141462,-0.48173479978481376,0.19027072685459814,1
-0.5171630043348605,0.4121775147679774,1.5399558954660673,-0.6474245270683616,1.6686382663372552,0.9034793230144167,-0.08593222568908467,-0.787735599490021,0.9035279272349134,0.7097986219452077,1
0.857313929398102,0.9046196177243863,0.5259522627483317,-1.225113841016166,1.0614471537639445,-0.01703073520312015,-0.7147416040746705,-0.3864435547788787,0.2026100706882958,-0.749191447492565,1
0.037792412746568416,-0.21859536730411638,-0.548950966299393,-0.36312511890856036,0.9861086945741684,-0.9731811433559382,-1.0697165527784431,-0.026138397802103253,0.24951548906000837,1.0001094447782106,0
1.8854447650602868,0.6110964492085149,-0.47191632978831777,0.01753157029062451,-0.5084084834481125,-1.5141942747509298,-0.557502006882943,1.6897431123372288,-1.2587456410346274,-1.3170198401073405,0
1.5384034467277994,0.5186508044449767,-0.3333121123011582,0.6923182666926984,1.6776319337018155,-2.1452453318848757,-1.463523418774187,1.9802476226567798,0.8923067709233864,0.7967450287025317,1
1.7660003619065288,1.220869171229874,-0.20243518071895297,-0.41530427749410564,2.4606997866045273,-1.4232971917252804,-1.2722884306854236,1.8058887231761527,-0.6521866057173656,0.2857741732762429,1
0.060461861491086566,0.2492835173442066,-1.9357974493099848,-0.20626408413098407,-0.009699666876783475,0.4326565843558956,0.47874391540963185,0.29060760920217743,0.6207355697595927,0.47012407520947447,0
0.8541923595305626,-0.0339295178355058,2.0362012659375215,1.1515997347616203,-1.0298912136769207,-0.9822682772486021,-0.6194414755031444,0.05661380124549931,0.3227772884959866,-0.6255804939173458,0
1.4656851471123082,0.8945856647855237,1.4720442915989875,0.8117819286193358,2.15413412410548,-1.47455606305174,-1.222275000378748,1.680257447435702,1.45568230752758,-1.9993020172761276,1
1.3891318448278183,0.9516393257178267,0.22164056723171768,0.4557131122289741,2.126328068481009,-1.2543526684651594,-1.6807984212751224,0.42897225003173456,-0.444904337524911,2.50391535215972,1
2.9355873348403527,1.3151814647934865,-0.2321842712901639,0.7808395314241321,-0.5934098171750692,-1.7301970648075982,-1.1140084876842096,1.3385648841676354,1.1017438900737626,0.8210179233170649,1
2.0021579876308526,1.0603535913879512,0.5804086019279829,-0.9350493122659554,2.95299181812193,-2.3696224363013734,-2.2131918310153056,1.7914517572785065,0.5500634456961337,-1.1809060991958569,1
-0.4888017353283802,-0.6050866111863485,0.39261863323892504,2.840101225835828,-0.15049787601355002,-0.460352683734339,-1.441963745955139,-2.3583981482735004,0.40909964472744265,0.6775627180268747,1
2.082857396836361,0.6993106551999411,0.6616670415499369,-0.35973352392368135,0.37271936326539445,-2.1003957115218417,-2.0544544078194633,0.27916512920388015,-0.9121508201905725,1.9410201700370258,1
2.1346772224052906,0.7972391066470615,1.6193059292589618,-1.6765734105521792,1.0487204297139798,-2.3102345448969404,-2.722884468837375,-0.28448874505590016,-0.1190212089057733,1.4791243552585873,0
-1.3750824798666066,-0.5144622262806557,0.22519654672278008,-0.6037120548327704,0.6288843557478001,0.847048611265695,0.2251496495202,-1.0512570721869778,0.893252107504373,0.7435140626285947,0
1.6933103544429966,0.7831929882219765,-0.6860751712084592,0.3949794562693324,1.3821481775942592,-1.7864931548043081,-2.51718429516777,-0.6679189929918318,0.953788255195362,-0.42391213664006455,1
1.6804836551699427,0.4725921306409544,0.4115727183974786,-0.020299300767609857,-2.5032286380755484,-0.5967671092792971,-0.15507774016465292,-0.11212589891521585,0.9622457150488899,-1.1233637993709538,0
0.25953294238905056,0.6118468118898857,0.8017842397249745,0.9825525352235209,1.6374647790005394,0.10982748325017022,-0.11905540379053269,0.6367298397361243,1.0752728087985113,-0.9556399952983741,1
-0.40333406039454,0.6234441142863544,0.31416313046377087,1.6960912779253936,0.9596355867808377,1.4824531913512526,0.4901546774429984,-0.8992113687474327,-0.4816391586664574,-0.5734117824858885,0
-0.4721334992954991,-0.011172014685406826,-0.7775702136407459,1.9052606017589526,1.790505878370621,-0.0876798710959883,-0.5632410638913556,-0.13747459324372502,1.2233129260889455,-0.5139366879497703,0
-1.6825918833741897,-0.9116197507886595,1.8929637627924014,0.2247971452092432,1.4846858270461838,0.12729692079117094,-0.490087209111459,-0.9945672657292942,1.2549345475994438,-2.0007810203816256,0
-1.8531485289760496,-0.09707058148841587,-0.3377850195125402,-0.9712865234082322,1.6872040904051038,1.9664415907218344,0.2256108143120291,-2.321563049215054,0.7212748727605821,-0.9841710800690852,0
0.7730639862048037,0.5412929503428746,0.1094168738857229,-0.07121320462564579,1.2456317582187506,-0.7450785222654445,-1.7663773746572289,-1.2439800526848832,-0.6271259959809657,0.47990717809026534,1
1.0611250075540566,0.26942272785509935,-0.10522042266335624,1.7619090177504415,0.42145323918163646,-1.3415068774710974,-1.0285388593997125,0.7107870376057379,-0.29835332760271327,1.5934786284861977,1
1.03577900126673,-0.19614183855990774,0.37970726830947776,1.7508519776880374,-1.2558715874286097,-1.418979868318583,0.7366769566872534,3.2463497700318045,0.07172948523854088,-0.5849965092892211,0
-0.09509296303656689,0.03614653021769698,-0.9777209285232512,-0.4829430953070943,1.3895791867722733,-0.38490261370329915,-0.16746312955215734,0.9932749215641183,0.9570015681962976,0.49382541029717,1
0.46975224081595535,-0.07673563250951865,-0.19600189646893149,-1.5984323889667156,1.1622974598854718,-1.3934910771759808,-0.27733183632376956,2.392441007169527,0.6060039862534636,-0.9982859940991506,1
2.8231731440295356,0.5393695563376651,0.1914962545814236,1.3572645655707105,-0.2216157871520381,-3.3122339063415276,-2.0663730928699735,2.035103389494032,0.5734964151486415,-0.07496260412696946,1
-1.1490097986081405,-0.33728084682303877,0.19073458394803242,3.264119654984049,1.3838183391152103,0.5033452033013539,-0.21620853419769892,-0.8648239955427315,-0.9484229645187668,-0.9785266465208411,0
-0.3419806824682188,0.29969934580567353,-1.0088919937615712,-1.9743902645981066,0.09320581029683628,1.1233657695380113,0.6836035167856438,-0.456068847816404,-0.1795620596435585,-0.43851790041869027,0
1.170163397081637,1.324669204339231,0.3066982242808216,0.667012586782741,0.8386204588190286,0.48357984680589694,0.2814568803496127,0.777356777890521,-0.7567184475123767,0.43619359915801914,0
1.9226659152585095,1.1408085849978804,0.21261493862694442,-0.6482001530604127,2.1807247980070463,-1.7786776735165324,-2.662467718308548,-0.4130530347180741,0.740884193077716,-0.4997289492637283,1
1.803776329730955,0.4652302377100939,0.7746852344463262,0.13098591874989643,-1.6975165548443258,-1.1725479802439052,-0.6270264130076717,0.3468293481894176,0.1350791037396616,2.6302249501082176,0
1.238805500230485,0.7254667687010902,1.2572437225514541,0.7073784124337051,1.839366080460029,-1.3400109229014627,-1.5016380048528835,0.674884971138106,-1.9941894388638246,-0.9361940771794257,1
-1.5317988740900539,-0.49863470982682934,1.6174279297792329,-0.27435467771390015,1.3204299361098801,0.8081659806992508,-0.0963799912899257,-1.284862742816753,-0.8225638675171911,0.08945001507630454,0
0.8556400454418287,0.5735031854783074,2.277407020864723,-0.8831473192357187,1.9210625778913832,-1.1293168574965762,-2.357845309895364,-1.3885483154267422,-2.5709263310429096,-0.3025547303635943,1
2.5641837047382756,1.2134414650520828,0.1130481930218664,-0.4358811388095244,1.9694266969672554,-2.577463458224377,-3.4282482151797278,-0.5382728140105034,-0.03027121345170198,-0.9030656338030412,1
-1.6315266426953292,-0.9259255862044273,-0.17419606869520415,0.4322531045364448,1.549336937558076,-0.012076431606022453,-0.566718818754403,-0.8759596549701594,-0.5332060095472956,1.700300758367799,0
1.4573799611845368,0.7262464244092228,0.6919455364917183,-0.012469183273038378,0.6246313659518576,-1.1613160927426964,-1.5928657401986857,-0.3560660174362026,0.7658755262117932,0.30084094278199236,1
-0.08162334033917973,-0.31609703654169613,0.8436128129930142,-1.53978023545463,0.20362583936847223,-0.6366251912150857,-0.8677886227547011,-0.6303250866580927,0.9583214403621347,1.715044634068723,1
0.9878057458881615,0.9762615843009662,-0.15095968749778785,-0.5122447678444418,2.5717667672795717,-0.7961968039096035,-2.0967232541473835,-0.9649045996064359,-2.176133863067961,0.762571753483926,1
1.639310246111112,0.8210567142899903,-0.6733447033844371,-0.4235352751515509,-1.0164782110482244,-0.5065653166539444,-0.7496554578148161,-0.5648282781158034,0.7104022376147484,0.5503571428031029,1
-2.3921590967884323,-1.2675078912491522,-1.3802261551690027,1.2671889159209362,2.609368314496127,0.0039035479124921446,-1.084025978920238,-1.610454561640327,-0.5306004044787889,-0.4853139368666315,0
1.8931352087990985,0.42501295844064507,-0.34798384642113084,-0.16629199897629934,0.04097498596354132,-2.127428210901143,-0.45948024034830554,3.10122882654225,0.7381051046942166,-1.4333724719938772,0
0.2557329119547074,1.209284828300965,-0.9811718110646837,1.2906419881882931,0.25973077293264146,1.9590091815965476,1.054910000809929,-0.6472328936061712,-0.3572548355474769,-0.11721993539194228,0
2.532654572406199,1.2759093306860814,0.024279577775968866,-1.2289065149737135,0.5504810969819494,-1.6765586045623442,-1.1544928646568469,1.6554078310719862,0.8724799802620054,-0.27174619436263897,1
2.615050002641147,1.7195201738584878,-0.7222460395938011,-0.9919356814955926,2.9777450998495225,-2.0662101264855206,-3.1781208196615927,-0.23388427534040646,-0.30191328235921655,0.757149090285124,1
1.099558616554166,0.12841003367363285,1.8249702607467273,0.23955239871348583,-2.137450650946048,-0.5048146517604777,0.5094201378150236,0.9834636631020841,-0.37965628605201557,-0.14707505251444264,0
3.810453798435407,1.9893944147012177,1.3193412465717733,-0.24410536141595315,2.8224813888063376,-3.3535097170162063,-3.936295387683181,0.6450505452617312,0.5364637607927502,-1.2956247985259863,1
-3.0576171223253183,-1.0197753049519722,1.5068013385086054,-0.2718943867837544,2.138723431376773,1.917858021529569,2.4821761640587674,1.8127473513320804,0.26036431718810027,-1.6607133109095225,1
-1.7939519650483304,-0.5871404382471327,0.7831233882596527,-1.1747693847092207,0.5151364050770653,1.4803289585513681,1.75734410694864,0.6949744009722134,0.06090015084221501,0.31136574455017335,1
2.085053201897793,1.0972051697526526,-0.37154986850296984,-0.1223468057937387,2.223947512027564,-2.155619155036463,-3.0410714204787963,-0.48341016998284503,1.6902880359032322,-0.6002841892973336,1
2.686371890792854,1.5912581050808496,-0.4180912500651463,-0.4982281950229009,2.349345237839291,-2.147411392908327,-2.878506023111858,0.13635861205828892,-1.496821185914678,-0.21172639162739226,1
1.1409239736675683,0.19749515609703794,-1.463998588265956,-0.8689156446575909,-0.47293897898310266,-1.2229465447933574,-0.9844768661948489,0.1497204302962769,0.7483469585981865,0.1713826477224997,0
2.6196659640714532,0.7000875979383028,0.8956628148131098,-0.3460304782401862,0.2010869631206672,-2.831794270421767,-1.5743955297277543,2.4124623385576625,-2.3613271070899633,-0.8824468882950588,1
-0.4355139827834307,-0.2642457292793575,0.9111396079472265,-1.6686118464800057,0.16998386581890612,0.02849997243697122,-0.8864859203684228,-1.8224392685245032,1.1076914001235825,0.23839474028562427,1
2.2511180151994106,0.9786074562673039,0.5388312272118215,-1.4113749780358495,1.3679790226988593,-2.268628974329192,-2.775974374027319,-0.2199941654031733,1.0528604176223726,-1.255210042180977,1
0.6052919694219507,0.6435449270313541,1.1590508043353522,1.0230826934636597,0.9991664742297687,-0.13369414284426995,-0.967656688436607,-0.8362008333175178,1.064870234686629,0.8590745476797296,1
0.5624514237866086,-0.03396185230381244,-0.13177894669263396,-0.21553096783772127,0.09678623266957165,-1.0414781485236524,-1.1585979309910432,-0.37459920266310576,2.5199501813074128,0.09897265546773912,0
-1.6981803643132762,-0.5153030202755046,0.20211466916191118,0.39873996756863817,2.1728140842482,0.699097927595838,0.5068002083866576,0.43894089935750524,-0.5680327441405778,0.02960451019313212,1
2.6952042583559352,0.7844232211653686,0.8782332386611534,-0.7426675809159922,-2.571644991868775,-1.485244742159577,0.4662026851075414,2.7821652484072166,-1.5562692309283446,-1.1719639704766427,0
1.5812968964844254,1.409543850676105,-1.2129983927200025,-0.1793710966380946,2.250141039757329,-0.6809215805582438,-1.4669856306806404,0.13385614789311528,0.46851804398749625,1.0822377358552624,1
0.2881324101675191,1.327593214164273,0.6586184019432603,-0.6562002642691799,-0.19438607322407941,2.3582967155288674,1.4163580429593663,-0.7922831240580688,0.6836096489488185,-0.7717124168867605,0
-0.0693716931914572,0.780198795744961,0.05716175491508131,0.6490228131568888,0.8785533768537517,1.2963301845069881,0.18568537944887484,-1.1100630554135316,-0.4875291588242579,-1.5836754829787354,1
1.3263617793407247,0.16924637361841807,2.943737848936913,0.7735891247268514,-0.027276406536961728,-1.7644153496316815,-1.114775456232959,1.0341562183283368,-1.2944223184077768,-0.3991772153715504,0
-2.129674426616311,-0.3130441432437138,-0.34647961860468596,-0.7081380516562574,1.4564442312717287,2.068170042636914,0.32113883506461066,-2.5354124104523543,0.07373909731247386,0.35392941828768754,0
0.3986670766294571,0.38732795158814487,-1.8467163254459784,0.4958248015538395,1.1421192606127697,-0.4188933584501007,-1.600102165938648,-1.626096445956816,-0.38149784594849195,-0.5553245720204457,1
0.46174266067131176,1.2125675852566975,-1.4342719385779594,0.024398704325357404,1.4890288140445442,1.0747744194973259,0.20233058838818516,-0.1841387905836216,2.2862793395439507,1.7671041009453845,0
3.4640716107876077,2.629073290815503,-0.21239603899407639,0.2097620667170756,3.6577207611260882,-1.8454882390255984,-2.910536110284259,0.6850223874409429,0.31274783728240096,-0.4043281580152866,1
-0.783559306115932,0.10648783335444122,0.6552361707025638,0.6544708392462926,1.886237483998952,0.600471229916878,-0.3334280049834667,-0.7987061456090918,0.14923263460370098,0.9544142640619353,0
0.3037775662784966,0.3706525277260049,0.036752014782503034,0.8212639202525623,1.4827787290809673,-0.3976007466864203,-0.5810527446574165,0.4408033626546478,-1.6136309782588025,1.1452758524619828,1
0.8427873585075254,0.08369006103698982,-2.2853587016923638,-0.5997259732564096,-2.018510691935929,-0.24400997419654025,0.5686504989198247,0.668113103903621,-0.36253470795391124,-0.8128298311557873,0
-0.46248822676708257,0.5027885083076209,0.2970730859332024,0.20900370794418444,2.2803288774733175,0.7211454358951752,-0.3933618815205877,-0.7375251309026842,0.7704213308382267,-1.3087425507915817,0
-1.3794124769617033,-0.4149410488598967,-0.008999699618638585,1.3900020708705438,3.199429818426094,-0.12792950831661987,-1.2695765609004834,-1.0147780071990773,-0.27981894627171244,1.4366323043166784,0
0.9132215011728975,0.11986819681490705,1.0486860973167547,-0.31766607610674424,1.0497179005551323,-1.7607666353842102,-2.570570727632634,-1.3204455248760556,0.3092617102328774,-1.9605384354557183,1
1.7964261850694534,0.3367127493563822,-0.43846875872728586,2.4927209964862467,-1.3211690577528787,-1.5860307898697552,-0.7667771543696361,0.9033619366395556,-0.2608209200528366,-1.7592744892038203,0
-0.36181421362472344,0.1273753097552325,-0.6166056442172863,-0.6262904807532046,0.5148003278820964,0.6083404629202719,0.2744244562810609,-0.2429921891801763,-0.4316245486867895,1.2139655900242414,0
0.30524298528734595,0.7228332259249401,0.11661911183708538,0.07050449982163476,-0.37591316749269343,1.1814381168171293,0.9910205725804789,0.051631600156790025,0.4759610906504253,1.120735345432404,0
2.508883856909945,1.112466734344377,0.30352568330752566,1.2662112970744264,1.1965200693693439,-2.3324697236780256,-2.8682188386332395,-0.28989523802999373,0.6564357073951305,0.6854224452799754,1
2.2658140733706493,0.7173667248620499,-0.3629185075304868,-1.1694586822670223,0.8025396999748913,-2.5368092933010433,-2.1448325463094675,1.0736058767442045,0.05646802181292754,0.25961373217253536,0
-0.5577180697958406,0.016919656719654574,0.04300166410292447,0.8808239048529724,1.2203287113297245,0.38328424538120354,0.16034562432644625,0.18828923084840798,0.07635213302137692,0.04762160516925976,1
1.019313045964366,0.1384226633685362,0.330930979413501,-0.7882665505515616,0.388935780732786,-1.560849439738602,-1.7305275832783693,-0.3396948559599413,0.12071722171427234,-1.8247316776866167,0
